Label,# Samples,Average,Median,90% Line,95% Line,99% Line,Min,Max,Error %,Throughput,Received KB/sec,Sent KB/sec
SC02_Botswana_View_Casa_Account_TR01_Launch_Application,2,117,98,137,137,137,98,137,0.000%,.30294,7.32,0.35
SC01_Botswana_Dashboard_Validation_TR01_Launch_Application,2,127,115,140,140,140,115,140,0.000%,.30230,7.30,0.35
SC01_Botswana_Dashboard_Validation_TR02_Login,2,3443,2525,4362,4362,4362,2525,4362,0.000%,.25556,3.46,0.53
SC02_Botswana_View_Casa_Account_TR02_Login,2,3394,3257,3531,3531,3531,3257,3531,0.000%,.28604,3.87,0.59
SC01_Botswana_Dashboard_Validation_TR03_Enter_Otp,2,721,684,758,758,758,684,758,0.000%,.67002,5.35,1.68
SC02_Botswana_View_Casa_Account_TR03_Enter_Otp,2,706,680,732,732,732,680,732,0.000%,.44773,3.58,1.12
SC01_Botswana_Dashboard_Validation_TR04_View_dashboard,26,1152,942,1625,2148,2540,756,2540,0.000%,.08950,0.46,0.56
SC02_Botswana_View_Casa_Account_TR04_Click_Casa_Account,18,4075,3928,4898,5050,5064,3082,5064,0.000%,.06421,0.36,0.41
SC01_Botswana_Dashboard_Validation_TR05_Logout,2,81,68,95,95,95,68,95,0.000%,4.11523,105.94,14.06
SC02_Botswana_View_Casa_Account_TR05_Logout,2,115,108,122,122,122,108,122,0.000%,5.33333,137.30,18.22
Debug Sampler,2,0,0,0,0,0,0,0,0.000%,7.96813,6.21,0.00
TOTAL,62,1947,1025,4362,4770,5050,0,5064,0.000%,.19437,1.64,0.99
