FUNCTIONALITY,SAMPLES,RESPONSE TIME (SEC),,,
,,AVERAGE,90%LINE,MIN,MAX
Launch_Application,32,1.004,1.424,0.573,4.527
Login,32,1.049,1.627,0.314,4.135
Logout,32,0.509,0.715,0.1,2.037
S01_IFEC_AccountActivity_TC02_Select_Account_Click_Search,1392,0.135,0.167,0.105,0.956
S02_IFEC_End_OfDay_Balance_TC02_Select_Account_Click_Search,1482,0.523,0.481,0.385,74.946
S03_IFEC_Initiate_Payment_Click_TC02_Select_Payment_Mode,759,0.118,0.12,0.09,1.167
S04_IFEC_TermDeposit_TC02_E nter_Account_Details_Click_Draft,934,0.301,0.505,0.192,2.654
