{
  "Enter_Response_Code-0" : {
    "transaction" : "Enter_Response_Code-0",
    "sampleCount" : 32,
    "errorCount" : 0,
    "errorPct" : 0.0,
    "meanResTime" : 893.6875,
    "medianResTime" : 822.5,
    "minResTime" : 178.0,
    "maxResTime" : 2178.0,
    "pct1ResTime" : 1502.1999999999998,
    "pct2ResTime" : 1767.8499999999985,
    "pct3ResTime" : 2178.0,
    "throughput" : 0.2981486830213642,
    "receivedKBytesPerSec" : 0.5336977890411725,
    "sentKBytesPerSec" : 0.25721329102572466
  },
  "S03_IFEC_Initiate_Payment_Click_TC05_Click_Confirm-0" : {
    "transaction" : "S03_IFEC_Initiate_Payment_Click_TC05_Click_Confirm-0",
    "sampleCount" : 755,
    "errorCount" : 0,
    "errorPct" : 0.0,
    "meanResTime" : 127.41589403973511,
    "medianResTime" : 108.0,
    "minResTime" : 95.0,
    "maxResTime" : 1741.0,
    "pct1ResTime" : 133.0,
    "pct2ResTime" : 183.39999999999986,
    "pct3ResTime" : 450.8799999999999,
    "throughput" : 0.20559456859996364,
    "receivedKBytesPerSec" : 0.2234577773600078,
    "sentKBytesPerSec" : 0.25618478839825765
  },
  "S01_IFEC_AccountActivity_TC01_Click_Account_Activity" : {
    "transaction" : "S01_IFEC_AccountActivity_TC01_Click_Account_Activity",
    "sampleCount" : 1395,
    "errorCount" : 0,
    "errorPct" : 0.0,
    "meanResTime" : 132.78279569892456,
    "medianResTime" : 117.0,
    "minResTime" : 104.0,
    "maxResTime" : 550.0,
    "pct1ResTime" : 188.4000000000001,
    "pct2ResTime" : 200.0,
    "pct3ResTime" : 452.15999999999985,
    "throughput" : 0.37828087476977745,
    "receivedKBytesPerSec" : 0.42763735578550094,
    "sentKBytesPerSec" : 0.41864084469780377
  },
  "S03_IFEC_Initiate_Payment_Click_TC03_Select_Account_Details_Click_Save_Draft" : {
    "transaction" : "S03_IFEC_Initiate_Payment_Click_TC03_Select_Account_Details_Click_Save_Draft",
    "sampleCount" : 758,
    "errorCount" : 2,
    "errorPct" : 0.26385224,
    "meanResTime" : 1070.9366754617424,
    "medianResTime" : 905.5,
    "minResTime" : 526.0,
    "maxResTime" : 30767.0,
    "pct1ResTime" : 1315.0,
    "pct2ResTime" : 1386.1,
    "pct3ResTime" : 2825.369999999998,
    "throughput" : 0.20632076455180623,
    "receivedKBytesPerSec" : 0.6911450030090713,
    "sentKBytesPerSec" : 0.8211177919064556
  },
  "Login-0" : {
    "transaction" : "Login-0",
    "sampleCount" : 32,
    "errorCount" : 0,
    "errorPct" : 0.0,
    "meanResTime" : 321.8125,
    "medianResTime" : 216.0,
    "minResTime" : 102.0,
    "maxResTime" : 1845.0,
    "pct1ResTime" : 485.4,
    "pct2ResTime" : 1117.6499999999976,
    "pct3ResTime" : 1845.0,
    "throughput" : 0.30075470634122503,
    "receivedKBytesPerSec" : 1.5537126905563021,
    "sentKBytesPerSec" : 0.2424173981898326
  },
  "Login-1" : {
    "transaction" : "Login-1",
    "sampleCount" : 32,
    "errorCount" : 0,
    "errorPct" : 0.0,
    "meanResTime" : 225.71874999999997,
    "medianResTime" : 136.5,
    "minResTime" : 103.0,
    "maxResTime" : 810.0,
    "pct1ResTime" : 438.6,
    "pct2ResTime" : 573.3999999999992,
    "pct3ResTime" : 810.0,
    "throughput" : 0.3010716268217185,
    "receivedKBytesPerSec" : 0.8102693062180699,
    "sentKBytesPerSec" : 0.24002670834627
  },
  "S01_IFEC_AccountActivity_TC03_Click_Back" : {
    "transaction" : "S01_IFEC_AccountActivity_TC03_Click_Back",
    "sampleCount" : 1389,
    "errorCount" : 0,
    "errorPct" : 0.0,
    "meanResTime" : 459.80201583873276,
    "medianResTime" : 407.0,
    "minResTime" : 388.0,
    "maxResTime" : 4197.0,
    "pct1ResTime" : 501.0,
    "pct2ResTime" : 814.0,
    "pct3ResTime" : 927.0999999999863,
    "throughput" : 0.3787510051626298,
    "receivedKBytesPerSec" : 0.419579612373978,
    "sentKBytesPerSec" : 0.4191599424899729
  },
  "Login-2" : {
    "transaction" : "Login-2",
    "sampleCount" : 32,
    "errorCount" : 0,
    "errorPct" : 0.0,
    "meanResTime" : 502.03125000000006,
    "medianResTime" : 434.5,
    "minResTime" : 103.0,
    "maxResTime" : 1849.0,
    "pct1ResTime" : 772.1999999999999,
    "pct2ResTime" : 1375.1499999999985,
    "pct3ResTime" : 1849.0,
    "throughput" : 0.30029748219329777,
    "receivedKBytesPerSec" : 0.8693304187273017,
    "sentKBytesPerSec" : 0.2285589357269545
  },
  "Logout-0" : {
    "transaction" : "Logout-0",
    "sampleCount" : 32,
    "errorCount" : 0,
    "errorPct" : 0.0,
    "meanResTime" : 509.3437500000001,
    "medianResTime" : 395.0,
    "minResTime" : 100.0,
    "maxResTime" : 2037.0,
    "pct1ResTime" : 715.7,
    "pct2ResTime" : 1347.9999999999977,
    "pct3ResTime" : 2037.0,
    "throughput" : 0.2851312940505573,
    "receivedKBytesPerSec" : 0.3894363728403532,
    "sentKBytesPerSec" : 0.2402227671769329
  },
  "Launch_Application-0" : {
    "transaction" : "Launch_Application-0",
    "sampleCount" : 24,
    "errorCount" : 0,
    "errorPct" : 0.0,
    "meanResTime" : 858.1666666666665,
    "medianResTime" : 544.5,
    "minResTime" : 442.0,
    "maxResTime" : 4289.0,
    "pct1ResTime" : 2358.0,
    "pct2ResTime" : 4105.0,
    "pct3ResTime" : 4289.0,
    "throughput" : 0.22699972570866475,
    "receivedKBytesPerSec" : 0.7536915534820812,
    "sentKBytesPerSec" : 0.11763787868756324
  },
  "S01_IFEC_AccountActivity_TC01_Click_Account_Activity-0" : {
    "transaction" : "S01_IFEC_AccountActivity_TC01_Click_Account_Activity-0",
    "sampleCount" : 1395,
    "errorCount" : 0,
    "errorPct" : 0.0,
    "meanResTime" : 132.78279569892456,
    "medianResTime" : 117.0,
    "minResTime" : 104.0,
    "maxResTime" : 550.0,
    "pct1ResTime" : 188.4000000000001,
    "pct2ResTime" : 200.0,
    "pct3ResTime" : 452.15999999999985,
    "throughput" : 0.37828087476977745,
    "receivedKBytesPerSec" : 0.42763735578550094,
    "sentKBytesPerSec" : 0.41864084469780377
  },
  "S03_IFEC_Initiate_Payment_Click_TC06_Click_Back-0" : {
    "transaction" : "S03_IFEC_Initiate_Payment_Click_TC06_Click_Back-0",
    "sampleCount" : 753,
    "errorCount" : 0,
    "errorPct" : 0.0,
    "meanResTime" : 121.64409030544493,
    "medianResTime" : 107.0,
    "minResTime" : 91.0,
    "maxResTime" : 972.0,
    "pct1ResTime" : 146.80000000000007,
    "pct2ResTime" : 185.19999999999982,
    "pct3ResTime" : 477.0400000000027,
    "throughput" : 0.2071361569503396,
    "receivedKBytesPerSec" : 0.22471046197483557,
    "sentKBytesPerSec" : 0.22659627266669236
  },
  "S01_IFEC_AccountActivity_TC02_Select_Account_Click_Search" : {
    "transaction" : "S01_IFEC_AccountActivity_TC02_Select_Account_Click_Search",
    "sampleCount" : 1392,
    "errorCount" : 0,
    "errorPct" : 0.0,
    "meanResTime" : 135.94827586206893,
    "medianResTime" : 119.0,
    "minResTime" : 105.0,
    "maxResTime" : 956.0,
    "pct1ResTime" : 167.0,
    "pct2ResTime" : 196.0,
    "pct3ResTime" : 601.1399999999999,
    "throughput" : 0.3774263266250685,
    "receivedKBytesPerSec" : 0.4125828594152007,
    "sentKBytesPerSec" : 0.5588518187671716
  },
  "S02_IFEC_End_OfDay_Balance_TC03_Click_Back-0" : {
    "transaction" : "S02_IFEC_End_OfDay_Balance_TC03_Click_Back-0",
    "sampleCount" : 1479,
    "errorCount" : 0,
    "errorPct" : 0.0,
    "meanResTime" : 442.6342123056117,
    "medianResTime" : 404.0,
    "minResTime" : 377.0,
    "maxResTime" : 4187.0,
    "pct1ResTime" : 478.0,
    "pct2ResTime" : 757.0,
    "pct3ResTime" : 838.2,
    "throughput" : 0.40275902184293705,
    "receivedKBytesPerSec" : 0.43505349296437995,
    "sentKBytesPerSec" : 0.0
  },
  "S03_IFEC_Initiate_Payment_Click_TC04_Click_Initiate-0" : {
    "transaction" : "S03_IFEC_Initiate_Payment_Click_TC04_Click_Initiate-0",
    "sampleCount" : 756,
    "errorCount" : 1,
    "errorPct" : 0.13227513,
    "meanResTime" : 454.7486772486768,
    "medianResTime" : 392.0,
    "minResTime" : 51.0,
    "maxResTime" : 3411.0,
    "pct1ResTime" : 469.30000000000007,
    "pct2ResTime" : 801.15,
    "pct3ResTime" : 1810.4399999999996,
    "throughput" : 0.20582601983934137,
    "receivedKBytesPerSec" : 0.2251549119011545,
    "sentKBytesPerSec" : 0.24761688232795762
  },
  "Launch_Application-2" : {
    "transaction" : "Launch_Application-2",
    "sampleCount" : 8,
    "errorCount" : 0,
    "errorPct" : 0.0,
    "meanResTime" : 221.0,
    "medianResTime" : 203.5,
    "minResTime" : 190.0,
    "maxResTime" : 352.0,
    "pct1ResTime" : 352.0,
    "pct2ResTime" : 352.0,
    "pct3ResTime" : 352.0,
    "throughput" : 0.07641754546843955,
    "receivedKBytesPerSec" : 0.37530604331441997,
    "sentKBytesPerSec" : 0.07522352132049519
  },
  "Launch_Application-1" : {
    "transaction" : "Launch_Application-1",
    "sampleCount" : 24,
    "errorCount" : 0,
    "errorPct" : 0.0,
    "meanResTime" : 406.8333333333333,
    "medianResTime" : 254.0,
    "minResTime" : 186.0,
    "maxResTime" : 1887.0,
    "pct1ResTime" : 874.0,
    "pct2ResTime" : 1699.75,
    "pct3ResTime" : 1887.0,
    "throughput" : 0.22635957218040859,
    "receivedKBytesPerSec" : 0.9258029133184313,
    "sentKBytesPerSec" : 0.12496934714126724
  },
  "S03_IFEC_Initiate_Payment_Click_TC05_Click_Confirm" : {
    "transaction" : "S03_IFEC_Initiate_Payment_Click_TC05_Click_Confirm",
    "sampleCount" : 755,
    "errorCount" : 0,
    "errorPct" : 0.0,
    "meanResTime" : 127.41589403973511,
    "medianResTime" : 108.0,
    "minResTime" : 95.0,
    "maxResTime" : 1741.0,
    "pct1ResTime" : 133.0,
    "pct2ResTime" : 183.39999999999986,
    "pct3ResTime" : 450.8799999999999,
    "throughput" : 0.2055945126143807,
    "receivedKBytesPerSec" : 0.22345771651008353,
    "sentKBytesPerSec" : 0.25618471863642095
  },
  "S02_IFEC_End_OfDay_Balance_TC02_Select_Account_Click_Search" : {
    "transaction" : "S02_IFEC_End_OfDay_Balance_TC02_Select_Account_Click_Search",
    "sampleCount" : 1482,
    "errorCount" : 2,
    "errorPct" : 0.13495277,
    "meanResTime" : 523.1497975708501,
    "medianResTime" : 407.0,
    "minResTime" : 385.0,
    "maxResTime" : 74946.0,
    "pct1ResTime" : 481.0,
    "pct2ResTime" : 801.8499999999999,
    "pct3ResTime" : 1224.3600000000006,
    "throughput" : 0.4034344741563741,
    "receivedKBytesPerSec" : 0.4350224432544368,
    "sentKBytesPerSec" : 0.0
  },
  "S03_IFEC_Initiate_Payment_Click_TC04_Click_Initiate" : {
    "transaction" : "S03_IFEC_Initiate_Payment_Click_TC04_Click_Initiate",
    "sampleCount" : 756,
    "errorCount" : 1,
    "errorPct" : 0.13227513,
    "meanResTime" : 454.7486772486768,
    "medianResTime" : 392.0,
    "minResTime" : 51.0,
    "maxResTime" : 3411.0,
    "pct1ResTime" : 469.30000000000007,
    "pct2ResTime" : 801.15,
    "pct3ResTime" : 1810.4399999999996,
    "throughput" : 0.20582596380185603,
    "receivedKBytesPerSec" : 0.2251548506012514,
    "sentKBytesPerSec" : 0.2476168149126356
  },
  "S03_IFEC_Initiate_Payment_Click_TC06_Click_Back" : {
    "transaction" : "S03_IFEC_Initiate_Payment_Click_TC06_Click_Back",
    "sampleCount" : 753,
    "errorCount" : 0,
    "errorPct" : 0.0,
    "meanResTime" : 121.64409030544493,
    "medianResTime" : 107.0,
    "minResTime" : 91.0,
    "maxResTime" : 972.0,
    "pct1ResTime" : 146.80000000000007,
    "pct2ResTime" : 185.19999999999982,
    "pct3ResTime" : 477.0400000000027,
    "throughput" : 0.20713609997108895,
    "receivedKBytesPerSec" : 0.22471040016122504,
    "sentKBytesPerSec" : 0.22659621033433086
  },
  "S04_IFEC_TermDeposit_TC03_Click_Initiate" : {
    "transaction" : "S04_IFEC_TermDeposit_TC03_Click_Initiate",
    "sampleCount" : 931,
    "errorCount" : 0,
    "errorPct" : 0.0,
    "meanResTime" : 146.96025778732562,
    "medianResTime" : 102.0,
    "minResTime" : 90.0,
    "maxResTime" : 3409.0,
    "pct1ResTime" : 382.0,
    "pct2ResTime" : 396.0,
    "pct3ResTime" : 517.0,
    "throughput" : 0.2541948984094116,
    "receivedKBytesPerSec" : 0.2834476933075753,
    "sentKBytesPerSec" : 0.35624838653815494
  },
  "Login" : {
    "transaction" : "Login",
    "sampleCount" : 32,
    "errorCount" : 0,
    "errorPct" : 0.0,
    "meanResTime" : 1049.5625000000002,
    "medianResTime" : 850.0,
    "minResTime" : 314.0,
    "maxResTime" : 4135.0,
    "pct1ResTime" : 1639.6,
    "pct2ResTime" : 2522.349999999995,
    "pct3ResTime" : 4135.0,
    "throughput" : 0.2991940460384838,
    "receivedKBytesPerSec" : 3.217002534383941,
    "sentKBytesPerSec" : 0.7074083835106681
  },
  "S01_IFEC_AccountActivity_TC03_Click_Back-0" : {
    "transaction" : "S01_IFEC_AccountActivity_TC03_Click_Back-0",
    "sampleCount" : 1389,
    "errorCount" : 0,
    "errorPct" : 0.0,
    "meanResTime" : 459.80201583873276,
    "medianResTime" : 407.0,
    "minResTime" : 388.0,
    "maxResTime" : 4197.0,
    "pct1ResTime" : 501.0,
    "pct2ResTime" : 814.0,
    "pct3ResTime" : 927.0999999999863,
    "throughput" : 0.378751108440069,
    "receivedKBytesPerSec" : 0.4195797267845204,
    "sentKBytesPerSec" : 0.4191600567860801
  },
  "S03_IFEC_Initiate_Payment_Click_TC03_Select_Account_Details_Click_Save_Draft-1" : {
    "transaction" : "S03_IFEC_Initiate_Payment_Click_TC03_Select_Account_Details_Click_Save_Draft-1",
    "sampleCount" : 758,
    "errorCount" : 2,
    "errorPct" : 0.26385224,
    "meanResTime" : 482.1213720316624,
    "medianResTime" : 392.0,
    "minResTime" : 20.0,
    "maxResTime" : 30178.0,
    "pct1ResTime" : 485.30000000000007,
    "pct2ResTime" : 797.0,
    "pct3ResTime" : 1293.7699999999936,
    "throughput" : 0.20634896004752015,
    "receivedKBytesPerSec" : 0.22468554837916702,
    "sentKBytesPerSec" : 0.2324669144079214
  },
  "S04_IFEC_TermDeposit_TC01_Click_Term_Deposit_Placement-0" : {
    "transaction" : "S04_IFEC_TermDeposit_TC01_Click_Term_Deposit_Placement-0",
    "sampleCount" : 936,
    "errorCount" : 0,
    "errorPct" : 0.0,
    "meanResTime" : 165.6570512820513,
    "medianResTime" : 111.0,
    "minResTime" : 98.0,
    "maxResTime" : 3764.0,
    "pct1ResTime" : 396.0,
    "pct2ResTime" : 419.44999999999993,
    "pct3ResTime" : 802.0099999999999,
    "throughput" : 0.2531273122206405,
    "receivedKBytesPerSec" : 0.34067726286284283,
    "sentKBytesPerSec" : 0.28056591735393255
  },
  "S03_IFEC_Initiate_Payment_Click_TC03_Select_Account_Details_Click_Save_Draft-2" : {
    "transaction" : "S03_IFEC_Initiate_Payment_Click_TC03_Select_Account_Details_Click_Save_Draft-2",
    "sampleCount" : 758,
    "errorCount" : 0,
    "errorPct" : 0.0,
    "meanResTime" : 473.02110817941957,
    "medianResTime" : 404.0,
    "minResTime" : 389.0,
    "maxResTime" : 4608.0,
    "pct1ResTime" : 740.3000000000014,
    "pct2ResTime" : 824.0,
    "pct3ResTime" : 1560.0699999999993,
    "throughput" : 0.20634873535175788,
    "receivedKBytesPerSec" : 0.23931967921074604,
    "sentKBytesPerSec" : 0.34287261378649114
  },
  "S04_IFEC_TermDeposit_TC04_Click_Confirm-0" : {
    "transaction" : "S04_IFEC_TermDeposit_TC04_Click_Confirm-0",
    "sampleCount" : 930,
    "errorCount" : 0,
    "errorPct" : 0.0,
    "meanResTime" : 172.61612903225839,
    "medianResTime" : 109.0,
    "minResTime" : 96.0,
    "maxResTime" : 3855.0,
    "pct1ResTime" : 396.0,
    "pct2ResTime" : 457.7999999999997,
    "pct3ResTime" : 809.0699999999998,
    "throughput" : 0.2539170805105535,
    "receivedKBytesPerSec" : 0.2824222270582505,
    "sentKBytesPerSec" : 0.39601780503086187
  },
  "S03_IFEC_Initiate_Payment_Click_TC01_Initiate_Payment" : {
    "transaction" : "S03_IFEC_Initiate_Payment_Click_TC01_Initiate_Payment",
    "sampleCount" : 760,
    "errorCount" : 0,
    "errorPct" : 0.0,
    "meanResTime" : 126.65921052631576,
    "medianResTime" : 105.0,
    "minResTime" : 90.0,
    "maxResTime" : 1093.0,
    "pct1ResTime" : 175.0,
    "pct2ResTime" : 190.94999999999993,
    "pct3ResTime" : 643.0,
    "throughput" : 0.20680879873476554,
    "receivedKBytesPerSec" : 0.2249927940059191,
    "sentKBytesPerSec" : 0.22623379561222481
  },
  "S02_IFEC_End_OfDay_Balance_TC03_Click_Back" : {
    "transaction" : "S02_IFEC_End_OfDay_Balance_TC03_Click_Back",
    "sampleCount" : 1479,
    "errorCount" : 0,
    "errorPct" : 0.0,
    "meanResTime" : 442.6342123056117,
    "medianResTime" : 404.0,
    "minResTime" : 377.0,
    "maxResTime" : 4187.0,
    "pct1ResTime" : 478.0,
    "pct2ResTime" : 757.0,
    "pct3ResTime" : 838.2,
    "throughput" : 0.40275902184293705,
    "receivedKBytesPerSec" : 0.43505349296437995,
    "sentKBytesPerSec" : 0.0
  },
  "S03_IFEC_Initiate_Payment_Click_TC03_Select_Account_Details_Click_Save_Draft-0" : {
    "transaction" : "S03_IFEC_Initiate_Payment_Click_TC03_Select_Account_Details_Click_Save_Draft-0",
    "sampleCount" : 758,
    "errorCount" : 0,
    "errorPct" : 0.0,
    "meanResTime" : 115.79419525065963,
    "medianResTime" : 102.0,
    "minResTime" : 91.0,
    "maxResTime" : 913.0,
    "pct1ResTime" : 137.0,
    "pct2ResTime" : 180.0,
    "pct3ResTime" : 443.81999999999994,
    "throughput" : 0.20636513942851012,
    "receivedKBytesPerSec" : 0.2272517826218228,
    "sentKBytesPerSec" : 0.24590938283483083
  },
  "S04_IFEC_TermDeposit_TC05_Click_Back" : {
    "transaction" : "S04_IFEC_TermDeposit_TC05_Click_Back",
    "sampleCount" : 930,
    "errorCount" : 0,
    "errorPct" : 0.0,
    "meanResTime" : 147.69462365591417,
    "medianResTime" : 111.0,
    "minResTime" : 101.0,
    "maxResTime" : 1234.0,
    "pct1ResTime" : 190.0,
    "pct2ResTime" : 399.44999999999993,
    "pct3ResTime" : 797.0699999999998,
    "throughput" : 0.2539370481866028,
    "receivedKBytesPerSec" : 0.3138148559146171,
    "sentKBytesPerSec" : 0.2814628941314602
  },
  "S02_IFEC_End_OfDay_Balance_TC01_Click_End_Of_Day_Balance-0" : {
    "transaction" : "S02_IFEC_End_OfDay_Balance_TC01_Click_End_Of_Day_Balance-0",
    "sampleCount" : 1486,
    "errorCount" : 0,
    "errorPct" : 0.0,
    "meanResTime" : 447.0800807537009,
    "medianResTime" : 403.0,
    "minResTime" : 376.0,
    "maxResTime" : 3774.0,
    "pct1ResTime" : 475.0,
    "pct2ResTime" : 720.9499999999996,
    "pct3ResTime" : 944.9199999999782,
    "throughput" : 0.40234802291705024,
    "receivedKBytesPerSec" : 0.43648905320957837,
    "sentKBytesPerSec" : 0.0
  },
  "S04_IFEC_TermDeposit_TC02_Click_Draft-0" : {
    "transaction" : "S04_IFEC_TermDeposit_TC02_Click_Draft-0",
    "sampleCount" : 934,
    "errorCount" : 0,
    "errorPct" : 0.0,
    "meanResTime" : 173.16488222698092,
    "medianResTime" : 103.0,
    "minResTime" : 89.0,
    "maxResTime" : 1050.0,
    "pct1ResTime" : 393.5,
    "pct2ResTime" : 461.0,
    "pct3ResTime" : 807.5999999999999,
    "throughput" : 0.2526296884242859,
    "receivedKBytesPerSec" : 0.3413880227189554,
    "sentKBytesPerSec" : 0.4159061946442777
  },
  "S02_IFEC_End_OfDay_Balance_TC02_Select_Account_Click_Search-0" : {
    "transaction" : "S02_IFEC_End_OfDay_Balance_TC02_Select_Account_Click_Search-0",
    "sampleCount" : 1482,
    "errorCount" : 2,
    "errorPct" : 0.13495277,
    "meanResTime" : 523.1497975708501,
    "medianResTime" : 407.0,
    "minResTime" : 385.0,
    "maxResTime" : 74946.0,
    "pct1ResTime" : 481.0,
    "pct2ResTime" : 801.8499999999999,
    "pct3ResTime" : 1224.3600000000006,
    "throughput" : 0.4034344741563741,
    "receivedKBytesPerSec" : 0.4350224432544368,
    "sentKBytesPerSec" : 0.0
  },
  "S04_IFEC_TermDeposit_TC02_Click_Draft-1" : {
    "transaction" : "S04_IFEC_TermDeposit_TC02_Click_Draft-1",
    "sampleCount" : 934,
    "errorCount" : 0,
    "errorPct" : 0.0,
    "meanResTime" : 128.54710920770884,
    "medianResTime" : 105.0,
    "minResTime" : 94.0,
    "maxResTime" : 1621.0,
    "pct1ResTime" : 172.0,
    "pct2ResTime" : 185.5,
    "pct3ResTime" : 759.3499999999996,
    "throughput" : 0.2526881938610837,
    "receivedKBytesPerSec" : 0.3126636474790024,
    "sentKBytesPerSec" : 0.44642445740688885
  },
  "S03_IFEC_Initiate_Payment_Click_TC02_Select_Payment_Mode" : {
    "transaction" : "S03_IFEC_Initiate_Payment_Click_TC02_Select_Payment_Mode",
    "sampleCount" : 759,
    "errorCount" : 0,
    "errorPct" : 0.0,
    "meanResTime" : 118.65480895915684,
    "medianResTime" : 101.0,
    "minResTime" : 90.0,
    "maxResTime" : 1167.0,
    "pct1ResTime" : 123.0,
    "pct2ResTime" : 179.0,
    "pct3ResTime" : 823.5999999999999,
    "throughput" : 0.2065957109750501,
    "receivedKBytesPerSec" : 0.2494860327757699,
    "sentKBytesPerSec" : 0.2243954842607548
  },
  "Launch_Application" : {
    "transaction" : "Launch_Application",
    "sampleCount" : 32,
    "errorCount" : 0,
    "errorPct" : 0.0,
    "meanResTime" : 1003.9999999999995,
    "medianResTime" : 669.0,
    "minResTime" : 573.0,
    "maxResTime" : 4527.0,
    "pct1ResTime" : 1881.0999999999995,
    "pct2ResTime" : 4026.499999999998,
    "pct3ResTime" : 4527.0,
    "throughput" : 0.30161931871736386,
    "receivedKBytesPerSec" : 2.0466262524270933,
    "sentKBytesPerSec" : 0.31634682451411017
  },
  "Logout" : {
    "transaction" : "Logout",
    "sampleCount" : 32,
    "errorCount" : 0,
    "errorPct" : 0.0,
    "meanResTime" : 509.3437500000001,
    "medianResTime" : 395.0,
    "minResTime" : 100.0,
    "maxResTime" : 2037.0,
    "pct1ResTime" : 715.7,
    "pct2ResTime" : 1347.9999999999977,
    "pct3ResTime" : 2037.0,
    "throughput" : 0.2851312940505573,
    "receivedKBytesPerSec" : 0.3894363728403532,
    "sentKBytesPerSec" : 0.2402227671769329
  },
  "S04_IFEC_TermDeposit_TC02_Click_Draft" : {
    "transaction" : "S04_IFEC_TermDeposit_TC02_Click_Draft",
    "sampleCount" : 934,
    "errorCount" : 0,
    "errorPct" : 0.0,
    "meanResTime" : 301.7119914346895,
    "medianResTime" : 210.5,
    "minResTime" : 192.0,
    "maxResTime" : 2654.0,
    "pct1ResTime" : 505.0,
    "pct2ResTime" : 609.5,
    "pct3ResTime" : 1451.7499999999995,
    "throughput" : 0.25261738932640143,
    "receivedKBytesPerSec" : 0.6539474399972844,
    "sentKBytesPerSec" : 0.8621853135173834
  },
  "S02_IFEC_End_OfDay_Balance_TC01_Click_End_Of_Day_Balance" : {
    "transaction" : "S02_IFEC_End_OfDay_Balance_TC01_Click_End_Of_Day_Balance",
    "sampleCount" : 1486,
    "errorCount" : 0,
    "errorPct" : 0.0,
    "meanResTime" : 447.0800807537009,
    "medianResTime" : 403.0,
    "minResTime" : 376.0,
    "maxResTime" : 3774.0,
    "pct1ResTime" : 475.0,
    "pct2ResTime" : 720.9499999999996,
    "pct3ResTime" : 944.9199999999782,
    "throughput" : 0.40234791397769104,
    "receivedKBytesPerSec" : 0.4364889350262271,
    "sentKBytesPerSec" : 0.0
  },
  "S04_IFEC_TermDeposit_TC01_Click_Term_Deposit_Placement" : {
    "transaction" : "S04_IFEC_TermDeposit_TC01_Click_Term_Deposit_Placement",
    "sampleCount" : 936,
    "errorCount" : 0,
    "errorPct" : 0.0,
    "meanResTime" : 165.6570512820513,
    "medianResTime" : 111.0,
    "minResTime" : 98.0,
    "maxResTime" : 3764.0,
    "pct1ResTime" : 396.0,
    "pct2ResTime" : 419.44999999999993,
    "pct3ResTime" : 802.0099999999999,
    "throughput" : 0.25312738067518487,
    "receivedKBytesPerSec" : 0.3406773549939788,
    "sentKBytesPerSec" : 0.28056599322884257
  },
  "S04_IFEC_TermDeposit_TC03_Click_Initiate-0" : {
    "transaction" : "S04_IFEC_TermDeposit_TC03_Click_Initiate-0",
    "sampleCount" : 931,
    "errorCount" : 0,
    "errorPct" : 0.0,
    "meanResTime" : 146.96025778732562,
    "medianResTime" : 102.0,
    "minResTime" : 90.0,
    "maxResTime" : 3409.0,
    "pct1ResTime" : 382.0,
    "pct2ResTime" : 396.0,
    "pct3ResTime" : 517.0,
    "throughput" : 0.25419496781334716,
    "receivedKBytesPerSec" : 0.28344777069852833,
    "sentKBytesPerSec" : 0.35624848380619695
  },
  "S04_IFEC_TermDeposit_TC05_Click_Back-0" : {
    "transaction" : "S04_IFEC_TermDeposit_TC05_Click_Back-0",
    "sampleCount" : 930,
    "errorCount" : 0,
    "errorPct" : 0.0,
    "meanResTime" : 147.69462365591417,
    "medianResTime" : 111.0,
    "minResTime" : 101.0,
    "maxResTime" : 1234.0,
    "pct1ResTime" : 190.0,
    "pct2ResTime" : 399.44999999999993,
    "pct3ResTime" : 797.0699999999998,
    "throughput" : 0.2539371175242824,
    "receivedKBytesPerSec" : 0.3138149416019719,
    "sentKBytesPerSec" : 0.2814629709850903
  },
  "S03_IFEC_Initiate_Payment_Click_TC01_Initiate_Payment-0" : {
    "transaction" : "S03_IFEC_Initiate_Payment_Click_TC01_Initiate_Payment-0",
    "sampleCount" : 760,
    "errorCount" : 0,
    "errorPct" : 0.0,
    "meanResTime" : 126.65921052631576,
    "medianResTime" : 105.0,
    "minResTime" : 90.0,
    "maxResTime" : 1093.0,
    "pct1ResTime" : 175.0,
    "pct2ResTime" : 190.94999999999993,
    "pct3ResTime" : 643.0,
    "throughput" : 0.20680885501093774,
    "receivedKBytesPerSec" : 0.22499285523026397,
    "sentKBytesPerSec" : 0.2262338571742672
  },
  "S01_IFEC_AccountActivity_TC02_Select_Account_Click_Search-0" : {
    "transaction" : "S01_IFEC_AccountActivity_TC02_Select_Account_Click_Search-0",
    "sampleCount" : 1392,
    "errorCount" : 0,
    "errorPct" : 0.0,
    "meanResTime" : 135.94827586206893,
    "medianResTime" : 119.0,
    "minResTime" : 105.0,
    "maxResTime" : 956.0,
    "pct1ResTime" : 167.0,
    "pct2ResTime" : 196.0,
    "pct3ResTime" : 601.1399999999999,
    "throughput" : 0.3774264289603203,
    "receivedKBytesPerSec" : 0.4125829712827835,
    "sentKBytesPerSec" : 0.5588519702940726
  },
  "Enter_Username" : {
    "transaction" : "Enter_Username",
    "sampleCount" : 32,
    "errorCount" : 0,
    "errorPct" : 0.0,
    "meanResTime" : 336.6875,
    "medianResTime" : 234.0,
    "minResTime" : 200.0,
    "maxResTime" : 1348.0,
    "pct1ResTime" : 534.8,
    "pct2ResTime" : 862.4499999999985,
    "pct3ResTime" : 1348.0,
    "throughput" : 0.3014999623125047,
    "receivedKBytesPerSec" : 0.5513544385269843,
    "sentKBytesPerSec" : 0.2811104384940077
  },
  "S03_IFEC_Initiate_Payment_Click_TC02_Select_Payment_Mode-0" : {
    "transaction" : "S03_IFEC_Initiate_Payment_Click_TC02_Select_Payment_Mode-0",
    "sampleCount" : 759,
    "errorCount" : 0,
    "errorPct" : 0.0,
    "meanResTime" : 118.65480895915684,
    "medianResTime" : 101.0,
    "minResTime" : 90.0,
    "maxResTime" : 1167.0,
    "pct1ResTime" : 123.0,
    "pct2ResTime" : 179.0,
    "pct3ResTime" : 823.5999999999999,
    "throughput" : 0.20659576720930492,
    "receivedKBytesPerSec" : 0.2494861006845424,
    "sentKBytesPerSec" : 0.22439554534001335
  },
  "S04_IFEC_TermDeposit_TC04_Click_Confirm" : {
    "transaction" : "S04_IFEC_TermDeposit_TC04_Click_Confirm",
    "sampleCount" : 930,
    "errorCount" : 0,
    "errorPct" : 0.0,
    "meanResTime" : 172.61612903225839,
    "medianResTime" : 109.0,
    "minResTime" : 96.0,
    "maxResTime" : 3855.0,
    "pct1ResTime" : 396.0,
    "pct2ResTime" : 457.7999999999997,
    "pct3ResTime" : 809.0699999999998,
    "throughput" : 0.2539170111838157,
    "receivedKBytesPerSec" : 0.28242214994877973,
    "sentKBytesPerSec" : 0.396017696906499
  },
  "Total" : {
    "transaction" : "Total",
    "sampleCount" : 20523,
    "errorCount" : 5,
    "errorPct" : 0.02436291,
    "meanResTime" : 274.3306046874253,
    "medianResTime" : 129.0,
    "minResTime" : 20.0,
    "maxResTime" : 74946.0,
    "pct1ResTime" : 418.0,
    "pct2ResTime" : 479.0,
    "pct3ResTime" : 828.0,
    "throughput" : 5.475678016365402,
    "receivedKBytesPerSec" : 6.353290331064675,
    "sentKBytesPerSec" : 5.521176409487493
  },
  "Enter_Response_Code" : {
    "transaction" : "Enter_Response_Code",
    "sampleCount" : 32,
    "errorCount" : 0,
    "errorPct" : 0.0,
    "meanResTime" : 893.6875,
    "medianResTime" : 822.5,
    "minResTime" : 178.0,
    "maxResTime" : 2178.0,
    "pct1ResTime" : 1502.1999999999998,
    "pct2ResTime" : 1767.8499999999985,
    "pct3ResTime" : 2178.0,
    "throughput" : 0.2981486830213642,
    "receivedKBytesPerSec" : 0.5336977890411725,
    "sentKBytesPerSec" : 0.25721329102572466
  },
  "Enter_Username-0" : {
    "transaction" : "Enter_Username-0",
    "sampleCount" : 32,
    "errorCount" : 0,
    "errorPct" : 0.0,
    "meanResTime" : 336.6875,
    "medianResTime" : 234.0,
    "minResTime" : 200.0,
    "maxResTime" : 1348.0,
    "pct1ResTime" : 534.8,
    "pct2ResTime" : 862.4499999999985,
    "pct3ResTime" : 1348.0,
    "throughput" : 0.3014999623125047,
    "receivedKBytesPerSec" : 0.5513544385269843,
    "sentKBytesPerSec" : 0.2811104384940077
  }
}