{
  "CustomerManager_doAdvancedCustomerSearch" : {
    "transaction" : "CustomerManager_doAdvancedCustomerSearch",
    "sampleCount" : 20958,
    "errorCount" : 0,
    "errorPct" : 0.0,
    "meanResTime" : 212.63989884530977,
    "medianResTime" : 191.0,
    "minResTime" : 127.0,
    "maxResTime" : 3016.0,
    "pct1ResTime" : 296.0,
    "pct2ResTime" : 351.0,
    "pct3ResTime" : 507.0,
    "throughput" : 5.8211071935863945,
    "receivedKBytesPerSec" : 26.613601262646007,
    "sentKBytesPerSec" : 7.708419291506983
  },
  "demandDepositSatatementManager_InquireListofTransactions" : {
    "transaction" : "demandDepositSatatementManager_InquireListofTransactions",
    "sampleCount" : 18903,
    "errorCount" : 0,
    "errorPct" : 0.0,
    "meanResTime" : 403.1864783367712,
    "medianResTime" : 298.0,
    "minResTime" : 172.0,
    "maxResTime" : 4693.0,
    "pct1ResTime" : 684.0,
    "pct2ResTime" : 820.0,
    "pct3ResTime" : 1320.8399999999965,
    "throughput" : 5.250124566516853,
    "receivedKBytesPerSec" : 658.2278650411708,
    "sentKBytesPerSec" : 8.510934085964367
  },
  "DemandDepsoit_addEarmarkFunds" : {
    "transaction" : "DemandDepsoit_addEarmarkFunds",
    "sampleCount" : 11369,
    "errorCount" : 176,
    "errorPct" : 1.5480694,
    "meanResTime" : 1351.8129123053957,
    "medianResTime" : 1334.0,
    "minResTime" : 155.0,
    "maxResTime" : 4202.0,
    "pct1ResTime" : 1604.0,
    "pct2ResTime" : 1662.5,
    "pct3ResTime" : 1852.2999999999993,
    "throughput" : 3.1570163710001014,
    "receivedKBytesPerSec" : 6.214087884439428,
    "sentKBytesPerSec" : 5.19079000861869
  },
  "CurrencyRateManager_ConvertAmount" : {
    "transaction" : "CurrencyRateManager_ConvertAmount",
    "sampleCount" : 21319,
    "errorCount" : 0,
    "errorPct" : 0.0,
    "meanResTime" : 191.64867020029027,
    "medianResTime" : 171.0,
    "minResTime" : 114.0,
    "maxResTime" : 2850.0,
    "pct1ResTime" : 268.0,
    "pct2ResTime" : 319.0,
    "pct3ResTime" : 488.0,
    "throughput" : 5.921194426483757,
    "receivedKBytesPerSec" : 14.142710814355876,
    "sentKBytesPerSec" : 7.644367271204675
  },
  "LoansManager_InquireLoanAccount" : {
    "transaction" : "LoansManager_InquireLoanAccount",
    "sampleCount" : 19985,
    "errorCount" : 0,
    "errorPct" : 0.0,
    "meanResTime" : 300.2660995746793,
    "medianResTime" : 248.0,
    "minResTime" : 156.0,
    "maxResTime" : 3412.0,
    "pct1ResTime" : 460.0,
    "pct2ResTime" : 531.0,
    "pct3ResTime" : 765.1399999999994,
    "throughput" : 5.550873891144544,
    "receivedKBytesPerSec" : 73.25202762438153,
    "sentKBytesPerSec" : 6.082126957266326
  },
  "PersonalDataManager_Inquire" : {
    "transaction" : "PersonalDataManager_Inquire",
    "sampleCount" : 18196,
    "errorCount" : 0,
    "errorPct" : 0.0,
    "meanResTime" : 277.80775994724144,
    "medianResTime" : 241.0,
    "minResTime" : 160.0,
    "maxResTime" : 3667.0,
    "pct1ResTime" : 391.0,
    "pct2ResTime" : 453.1499999999978,
    "pct3ResTime" : 715.0599999999977,
    "throughput" : 5.053801488588396,
    "receivedKBytesPerSec" : 25.83211993880362,
    "sentKBytesPerSec" : 0.0
  },
  "CurrencyRateManager_Inquire" : {
    "transaction" : "CurrencyRateManager_Inquire",
    "sampleCount" : 27474,
    "errorCount" : 0,
    "errorPct" : 0.0,
    "meanResTime" : 202.94751401324933,
    "medianResTime" : 176.0,
    "minResTime" : 118.0,
    "maxResTime" : 6540.0,
    "pct1ResTime" : 274.0,
    "pct2ResTime" : 333.0,
    "pct3ResTime" : 510.0,
    "throughput" : 7.631238469396995,
    "receivedKBytesPerSec" : 82.56033977833049,
    "sentKBytesPerSec" : 13.997269068166174
  },
  "CustomerManager_Inquire" : {
    "transaction" : "CustomerManager_Inquire",
    "sampleCount" : 19959,
    "errorCount" : 0,
    "errorPct" : 0.0,
    "meanResTime" : 303.39360689413365,
    "medianResTime" : 257.0,
    "minResTime" : 150.0,
    "maxResTime" : 27429.0,
    "pct1ResTime" : 430.0,
    "pct2ResTime" : 487.0,
    "pct3ResTime" : 743.4000000000015,
    "throughput" : 5.543362879049204,
    "receivedKBytesPerSec" : 54.21146008481548,
    "sentKBytesPerSec" : 10.079290184780845
  },
  "DemandDepositMaintenance_InquireAccountMasterForMaintenance" : {
    "transaction" : "DemandDepositMaintenance_InquireAccountMasterForMaintenance",
    "sampleCount" : 16866,
    "errorCount" : 0,
    "errorPct" : 0.0,
    "meanResTime" : 632.850171943553,
    "medianResTime" : 594.0,
    "minResTime" : 242.0,
    "maxResTime" : 4226.0,
    "pct1ResTime" : 824.3000000000011,
    "pct2ResTime" : 945.0,
    "pct3ResTime" : 1395.0,
    "throughput" : 4.684016356565121,
    "receivedKBytesPerSec" : 150.38079280911774,
    "sentKBytesPerSec" : 5.969376313786605
  },
  "DemandDepositManager_TransferFunds" : {
    "transaction" : "DemandDepositManager_TransferFunds",
    "sampleCount" : 5538,
    "errorCount" : 175,
    "errorPct" : 3.1599855,
    "meanResTime" : 453.5855904658718,
    "medianResTime" : 431.0,
    "minResTime" : 240.0,
    "maxResTime" : 3693.0,
    "pct1ResTime" : 578.0,
    "pct2ResTime" : 648.0,
    "pct3ResTime" : 860.4399999999987,
    "throughput" : 1.538199168183664,
    "receivedKBytesPerSec" : 6.493650731748676,
    "sentKBytesPerSec" : 2.4535094152551693
  },
  "Total" : {
    "transaction" : "Total",
    "sampleCount" : 203507,
    "errorCount" : 351,
    "errorPct" : 0.17247564,
    "meanResTime" : 356.55607915206207,
    "medianResTime" : 220.0,
    "minResTime" : 70.0,
    "maxResTime" : 27429.0,
    "pct1ResTime" : 602.0,
    "pct2ResTime" : 1138.9500000000007,
    "pct3ResTime" : 1491.0,
    "throughput" : 56.51003789235638,
    "receivedKBytesPerSec" : 1112.8885341484522,
    "sentKBytesPerSec" : 79.54116712930066
  },
  "BillPaymentManager_PayUtilityBillByAccount" : {
    "transaction" : "BillPaymentManager_PayUtilityBillByAccount",
    "sampleCount" : 1826,
    "errorCount" : 0,
    "errorPct" : 0.0,
    "meanResTime" : 459.2557502738225,
    "medianResTime" : 434.0,
    "minResTime" : 280.0,
    "maxResTime" : 3538.0,
    "pct1ResTime" : 595.0,
    "pct2ResTime" : 654.0,
    "pct3ResTime" : 874.3800000000001,
    "throughput" : 0.5073462401920469,
    "receivedKBytesPerSec" : 1.0905847840062293,
    "sentKBytesPerSec" : 1.1449972276209184
  },
  "MemoManager_InquireAccountMemo" : {
    "transaction" : "MemoManager_InquireAccountMemo",
    "sampleCount" : 21114,
    "errorCount" : 0,
    "errorPct" : 0.0,
    "meanResTime" : 204.50734110069078,
    "medianResTime" : 181.0,
    "minResTime" : 70.0,
    "maxResTime" : 3792.0,
    "pct1ResTime" : 285.0,
    "pct2ResTime" : 336.0,
    "pct3ResTime" : 548.0,
    "throughput" : 5.8647702964967205,
    "receivedKBytesPerSec" : 14.106685986396089,
    "sentKBytesPerSec" : 10.778806345709793
  }
}