bankCode,channel,transactionBranch,userId,fromCurrency,toCurrency,amount,mnemonic
15,BRN,34,IFE,USD,AUD,3,1006
15,BRN,34,BTCM004,USD,AUD,3,1006
15,BRN,34,G01114450,USD,AUD,3,1006
15,BRN,34,E20038337,USD,AUD,3,1006
15,BRN,34,G08439212,USD,AUD,3,1006
15,BRN,34,G09975919,USD,AUD,3,1006
15,BRN,34,BTMK069,USD,AUD,3,1006
15,BRN,34,G09977066,USD,AUD,3,1006
15,BRN,34,G01189914,USD,AUD,3,1006
15,BRN,34,E20039717,USD,AUD,3,1006
15,BRN,34,G01189819,USD,AUD,3,1006
15,BRN,34,G01231248,USD,AUD,3,1006
15,BRN,34,E20046382,USD,AUD,3,1006
15,BRN,34,BTEM025,USD,AUD,3,1006
15,BRN,34,E20043837,USD,AUD,3,1006
15,BRN,34,BTGK011,USD,AUD,3,1006
15,BRN,34,BTAI000,USD,AUD,3,1006
15,BRN,34,BTAG002,USD,AUD,3,1006
15,BRN,34,G01231246,USD,AUD,3,1006
15,BRN,34,G01208111,USD,AUD,3,1006
15,BRN,34,G08441837,USD,AUD,3,1006
15,BRN,34,BTDM008,USD,AUD,3,1006
15,BRN,34,BTKM000,USD,AUD,3,1006
15,BRN,34,G01236990,USD,AUD,3,1006
15,BRN,34,G01191330,USD,AUD,3,1006
15,BRN,34,BTMK012,USD,AUD,3,1006
15,BRN,34,BTZL001,USD,AUD,3,1006
15,BRN,34,BTBM027,USD,AUD,3,1006
15,BRN,34,BTAJ003,USD,AUD,3,1006
15,BRN,34,BTAC020,USD,AUD,3,1006
15,BRN,34,BTAJ000,USD,AUD,3,1006
15,BRN,34,A59026217,USD,AUD,3,1006
15,BRN,34,BTFM066,USD,AUD,3,1006
15,BRN,34,G08438982,USD,AUD,3,1006
15,BRN,34,G08439677,USD,AUD,3,1006
15,BRN,34,T20021183,USD,AUD,3,1006
15,BRN,34,T20021181,USD,AUD,3,1006
15,BRN,34,BTJK008,USD,AUD,3,1006
15,BRN,34,ATM,USD,AUD,3,1006
15,BRN,34,BTEM095,USD,AUD,3,1006
15,BRN,34,BTCS000,USD,AUD,3,1006
15,BRN,34,G01222601,USD,AUD,3,1006
15,BRN,34,BTRM079,USD,AUD,3,1006
15,BRN,34,G08439038,USD,AUD,3,1006
15,BRN,34,BTAL003,USD,AUD,3,1006
15,BRN,34,BTBD000,USD,AUD,3,1006
15,BRN,34,BTAA007,USD,AUD,3,1006
15,BRN,34,G08439164,USD,AUD,3,1006
15,BRN,34,DABP,USD,AUD,3,1006
15,BRN,34,T20021185,USD,AUD,3,1006
15,BRN,34,BTCM088,USD,AUD,3,1006
15,BRN,34,G01222278,USD,AUD,3,1006
15,BRN,34,AB013I8,USD,AUD,3,1006
15,BRN,34,ABBN520,USD,AUD,3,1006
15,BRN,34,AB0156T,USD,AUD,3,1006
15,BRN,34,A59050563,USD,AUD,3,1006
15,BRN,34,ABST576,USD,AUD,3,1006
15,BRN,34,ABRG356,USD,AUD,3,1006
15,BRN,34,BTGD001,USD,AUD,3,1006
15,BRN,34,BTJK045,USD,AUD,3,1006
15,BRN,34,G01222393,USD,AUD,3,1006
15,BRN,34,G01233879,USD,AUD,3,1006
15,BRN,34,G08439494,USD,AUD,3,1006
15,BRN,34,AB0153L,USD,AUD,3,1006
15,BRN,34,AB006J3,USD,AUD,3,1006
15,BRN,34,1032711,USD,AUD,3,1006
15,BRN,34,E20042603,USD,AUD,3,1006
15,BRN,34,AB013S9,USD,AUD,3,1006
15,BRN,34,1641,USD,AUD,3,1006
15,BRN,34,AB0146U,USD,AUD,3,1006
15,BRN,34,BTIM000,USD,AUD,3,1006
15,BRN,34,AB0127L,USD,AUD,3,1006
15,BRN,34,G08439818,USD,AUD,3,1006
15,BRN,34,BTJK046,USD,AUD,3,1006
15,BRN,34,BTPM020,USD,AUD,3,1006
15,BRN,34,G01250417,USD,AUD,3,1006
15,BRN,34,A59006070,USD,AUD,3,1006
15,BRN,34,AB0127M,USD,AUD,3,1006
15,BRN,34,G08439273,USD,AUD,3,1006
15,BRN,34,G01252010,USD,AUD,3,1006
15,BRN,34,BTAS002,USD,AUD,3,1006
15,BRN,34,BTAO002,USD,AUD,3,1006
15,BRN,34,BTAK006,USD,AUD,3,1006
15,BRN,34,G01196241,USD,AUD,3,1006
15,BRN,34,G01263982,USD,AUD,3,1006
15,BRN,34,AB0138U,USD,AUD,3,1006
15,BRN,34,ABSNA4R,USD,AUD,3,1006
15,BRN,34,ABJE005,USD,AUD,3,1006
15,BRN,34,ABJMAJC,USD,AUD,3,1006
15,BRN,34,TUATBSR,USD,AUD,3,1006
15,BRN,34,T20021180,USD,AUD,3,1006
