bankCode,channel,externalBatchNumber,externalSystemAuditTrailNumber,comment,reasonCode,transactionBranch,userId,currencyShortName
15,IBOC,0,0,BEM_DEFAULT_COMMENT,0,34,IFE,USD
15,IBOC,0,0,BEM_DEFAULT_COMMENT,0,34,BTCM004,USD
15,IBOC,0,0,BEM_DEFAULT_COMMENT,0,34,G01114450,USD
15,IBOC,0,0,BEM_DEFAULT_COMMENT,0,34,E20038337,USD
15,IBOC,0,0,BEM_DEFAULT_COMMENT,0,34,G08439212,USD
15,IBOC,0,0,BEM_DEFAULT_COMMENT,0,34,G09975919,USD
15,IBOC,0,0,BEM_DEFAULT_COMMENT,0,34,BTMK069,USD
15,IBOC,0,0,BEM_DEFAULT_COMMENT,0,34,G09977066,USD
15,IBOC,0,0,BEM_DEFAULT_COMMENT,0,34,G01189914,USD
15,IBOC,0,0,BEM_DEFAULT_COMMENT,0,34,E20039717,USD
15,IBOC,0,0,BEM_DEFAULT_COMMENT,0,34,G01189819,USD
15,IBOC,0,0,BEM_DEFAULT_COMMENT,0,34,G01231248,USD
15,IBOC,0,0,BEM_DEFAULT_COMMENT,0,34,E20046382,USD
15,IBOC,0,0,BEM_DEFAULT_COMMENT,0,34,BTEM025,USD
15,IBOC,0,0,BEM_DEFAULT_COMMENT,0,34,E20043837,USD
15,IBOC,0,0,BEM_DEFAULT_COMMENT,0,34,BTGK011,USD
15,IBOC,0,0,BEM_DEFAULT_COMMENT,0,34,BTAI000,USD
15,IBOC,0,0,BEM_DEFAULT_COMMENT,0,34,BTAG002,USD
15,IBOC,0,0,BEM_DEFAULT_COMMENT,0,34,G01231246,USD
15,IBOC,0,0,BEM_DEFAULT_COMMENT,0,34,G01208111,USD
15,IBOC,0,0,BEM_DEFAULT_COMMENT,0,34,G08441837,USD
15,IBOC,0,0,BEM_DEFAULT_COMMENT,0,34,BTDM008,USD
15,IBOC,0,0,BEM_DEFAULT_COMMENT,0,34,BTKM000,USD
15,IBOC,0,0,BEM_DEFAULT_COMMENT,0,34,G01236990,USD
15,IBOC,0,0,BEM_DEFAULT_COMMENT,0,34,G01191330,USD
15,IBOC,0,0,BEM_DEFAULT_COMMENT,0,34,BTMK012,USD
15,IBOC,0,0,BEM_DEFAULT_COMMENT,0,34,BTZL001,USD
15,IBOC,0,0,BEM_DEFAULT_COMMENT,0,34,BTBM027,USD
15,IBOC,0,0,BEM_DEFAULT_COMMENT,0,34,BTAJ003,USD
15,IBOC,0,0,BEM_DEFAULT_COMMENT,0,34,BTAC020,USD
15,IBOC,0,0,BEM_DEFAULT_COMMENT,0,34,BTAJ000,USD
15,IBOC,0,0,BEM_DEFAULT_COMMENT,0,34,A59026217,USD
15,IBOC,0,0,BEM_DEFAULT_COMMENT,0,34,BTFM066,USD
15,IBOC,0,0,BEM_DEFAULT_COMMENT,0,34,G08438982,USD
15,IBOC,0,0,BEM_DEFAULT_COMMENT,0,34,G08439677,USD
15,IBOC,0,0,BEM_DEFAULT_COMMENT,0,34,T20021183,USD
15,IBOC,0,0,BEM_DEFAULT_COMMENT,0,34,T20021181,USD
15,IBOC,0,0,BEM_DEFAULT_COMMENT,0,34,BTJK008,USD
15,IBOC,0,0,BEM_DEFAULT_COMMENT,0,34,ATM,USD
15,IBOC,0,0,BEM_DEFAULT_COMMENT,0,34,BTEM095,USD
15,IBOC,0,0,BEM_DEFAULT_COMMENT,0,34,BTCS000,USD
15,IBOC,0,0,BEM_DEFAULT_COMMENT,0,34,G01222601,USD
15,IBOC,0,0,BEM_DEFAULT_COMMENT,0,34,BTRM079,USD
15,IBOC,0,0,BEM_DEFAULT_COMMENT,0,34,G08439038,USD
15,IBOC,0,0,BEM_DEFAULT_COMMENT,0,34,BTAL003,USD
15,IBOC,0,0,BEM_DEFAULT_COMMENT,0,34,BTBD000,USD
15,IBOC,0,0,BEM_DEFAULT_COMMENT,0,34,BTAA007,USD
15,IBOC,0,0,BEM_DEFAULT_COMMENT,0,34,G08439164,USD
15,IBOC,0,0,BEM_DEFAULT_COMMENT,0,34,DABP,USD
15,IBOC,0,0,BEM_DEFAULT_COMMENT,0,34,T20021185,USD
15,IBOC,0,0,BEM_DEFAULT_COMMENT,0,34,BTCM088,USD
15,IBOC,0,0,BEM_DEFAULT_COMMENT,0,34,G01222278,USD
15,IBOC,0,0,BEM_DEFAULT_COMMENT,0,34,AB013I8,USD
15,IBOC,0,0,BEM_DEFAULT_COMMENT,0,34,ABBN520,USD
15,IBOC,0,0,BEM_DEFAULT_COMMENT,0,34,AB0156T,USD
15,IBOC,0,0,BEM_DEFAULT_COMMENT,0,34,A59050563,USD
15,IBOC,0,0,BEM_DEFAULT_COMMENT,0,34,ABST576,USD
15,IBOC,0,0,BEM_DEFAULT_COMMENT,0,34,ABRG356,USD
15,IBOC,0,0,BEM_DEFAULT_COMMENT,0,34,BTGD001,USD
15,IBOC,0,0,BEM_DEFAULT_COMMENT,0,34,BTJK045,USD
15,IBOC,0,0,BEM_DEFAULT_COMMENT,0,34,G01222393,USD
15,IBOC,0,0,BEM_DEFAULT_COMMENT,0,34,G01233879,USD
15,IBOC,0,0,BEM_DEFAULT_COMMENT,0,34,G08439494,USD
15,IBOC,0,0,BEM_DEFAULT_COMMENT,0,34,AB0153L,USD
15,IBOC,0,0,BEM_DEFAULT_COMMENT,0,34,AB006J3,USD
15,IBOC,0,0,BEM_DEFAULT_COMMENT,0,34,1032711,USD
15,IBOC,0,0,BEM_DEFAULT_COMMENT,0,34,E20042603,USD
15,IBOC,0,0,BEM_DEFAULT_COMMENT,0,34,AB013S9,USD
15,IBOC,0,0,BEM_DEFAULT_COMMENT,0,34,1641,USD
15,IBOC,0,0,BEM_DEFAULT_COMMENT,0,34,AB0146U,USD
15,IBOC,0,0,BEM_DEFAULT_COMMENT,0,34,BTIM000,USD
15,IBOC,0,0,BEM_DEFAULT_COMMENT,0,34,AB0127L,USD
15,IBOC,0,0,BEM_DEFAULT_COMMENT,0,34,G08439818,USD
15,IBOC,0,0,BEM_DEFAULT_COMMENT,0,34,BTJK046,USD
15,IBOC,0,0,BEM_DEFAULT_COMMENT,0,34,BTPM020,USD
15,IBOC,0,0,BEM_DEFAULT_COMMENT,0,34,G01250417,USD
15,IBOC,0,0,BEM_DEFAULT_COMMENT,0,34,A59006070,USD
15,IBOC,0,0,BEM_DEFAULT_COMMENT,0,34,AB0127M,USD
15,IBOC,0,0,BEM_DEFAULT_COMMENT,0,34,G08439273,USD
15,IBOC,0,0,BEM_DEFAULT_COMMENT,0,34,G01252010,USD
15,IBOC,0,0,BEM_DEFAULT_COMMENT,0,34,BTAS002,USD
15,IBOC,0,0,BEM_DEFAULT_COMMENT,0,34,BTAO002,USD
15,IBOC,0,0,BEM_DEFAULT_COMMENT,0,34,BTAK006,USD
15,IBOC,0,0,BEM_DEFAULT_COMMENT,0,34,G01196241,USD
15,IBOC,0,0,BEM_DEFAULT_COMMENT,0,34,G01263982,USD
15,IBOC,0,0,BEM_DEFAULT_COMMENT,0,34,AB0138U,USD
15,IBOC,0,0,BEM_DEFAULT_COMMENT,0,34,ABSNA4R,USD
15,IBOC,0,0,BEM_DEFAULT_COMMENT,0,34,ABJE005,USD
15,IBOC,0,0,BEM_DEFAULT_COMMENT,0,34,ABJMAJC,USD
15,IBOC,0,0,BEM_DEFAULT_COMMENT,0,34,TUATBSR,USD
15,IBOC,0,0,BEM_DEFAULT_COMMENT,0,34,T20021180,USD
15,IBOC,0,0,BEM_DEFAULT_COMMENT,0,34,IFE,USD
15,IBOC,0,0,BEM_DEFAULT_COMMENT,0,34,BTCM004,USD
15,IBOC,0,0,BEM_DEFAULT_COMMENT,0,34,G01114450,USD
15,IBOC,0,0,BEM_DEFAULT_COMMENT,0,34,E20038337,USD
15,IBOC,0,0,BEM_DEFAULT_COMMENT,0,34,G08439212,USD
15,IBOC,0,0,BEM_DEFAULT_COMMENT,0,34,G09975919,USD
15,IBOC,0,0,BEM_DEFAULT_COMMENT,0,34,BTMK069,USD
15,IBOC,0,0,BEM_DEFAULT_COMMENT,0,34,G09977066,USD
15,IBOC,0,0,BEM_DEFAULT_COMMENT,0,34,G01189914,USD
15,IBOC,0,0,BEM_DEFAULT_COMMENT,0,34,E20039717,USD
15,IBOC,0,0,BEM_DEFAULT_COMMENT,0,34,G01189819,USD
15,IBOC,0,0,BEM_DEFAULT_COMMENT,0,34,G01231248,USD
15,IBOC,0,0,BEM_DEFAULT_COMMENT,0,34,E20046382,USD
15,IBOC,0,0,BEM_DEFAULT_COMMENT,0,34,BTEM025,USD
15,IBOC,0,0,BEM_DEFAULT_COMMENT,0,34,E20043837,USD
15,IBOC,0,0,BEM_DEFAULT_COMMENT,0,34,BTGK011,USD
15,IBOC,0,0,BEM_DEFAULT_COMMENT,0,34,BTAI000,USD
15,IBOC,0,0,BEM_DEFAULT_COMMENT,0,34,BTAG002,USD
15,IBOC,0,0,BEM_DEFAULT_COMMENT,0,34,G01231246,USD
15,IBOC,0,0,BEM_DEFAULT_COMMENT,0,34,G01208111,USD
15,IBOC,0,0,BEM_DEFAULT_COMMENT,0,34,G08441837,USD
15,IBOC,0,0,BEM_DEFAULT_COMMENT,0,34,BTDM008,USD
15,IBOC,0,0,BEM_DEFAULT_COMMENT,0,34,BTKM000,USD
15,IBOC,0,0,BEM_DEFAULT_COMMENT,0,34,G01236990,USD
15,IBOC,0,0,BEM_DEFAULT_COMMENT,0,34,G01191330,USD
15,IBOC,0,0,BEM_DEFAULT_COMMENT,0,34,BTMK012,USD
15,IBOC,0,0,BEM_DEFAULT_COMMENT,0,34,BTZL001,USD
15,IBOC,0,0,BEM_DEFAULT_COMMENT,0,34,BTBM027,USD
15,IBOC,0,0,BEM_DEFAULT_COMMENT,0,34,BTAJ003,USD
15,IBOC,0,0,BEM_DEFAULT_COMMENT,0,34,BTAC020,USD
15,IBOC,0,0,BEM_DEFAULT_COMMENT,0,34,BTAJ000,USD
15,IBOC,0,0,BEM_DEFAULT_COMMENT,0,34,A59026217,USD
15,IBOC,0,0,BEM_DEFAULT_COMMENT,0,34,BTFM066,USD
15,IBOC,0,0,BEM_DEFAULT_COMMENT,0,34,G08438982,USD
15,IBOC,0,0,BEM_DEFAULT_COMMENT,0,34,G08439677,USD
15,IBOC,0,0,BEM_DEFAULT_COMMENT,0,34,T20021183,USD
15,IBOC,0,0,BEM_DEFAULT_COMMENT,0,34,T20021181,USD
15,IBOC,0,0,BEM_DEFAULT_COMMENT,0,34,BTJK008,USD
15,IBOC,0,0,BEM_DEFAULT_COMMENT,0,34,ATM,USD
15,IBOC,0,0,BEM_DEFAULT_COMMENT,0,34,BTEM095,USD
15,IBOC,0,0,BEM_DEFAULT_COMMENT,0,34,BTCS000,USD
15,IBOC,0,0,BEM_DEFAULT_COMMENT,0,34,G01222601,USD
15,IBOC,0,0,BEM_DEFAULT_COMMENT,0,34,BTRM079,USD
15,IBOC,0,0,BEM_DEFAULT_COMMENT,0,34,G08439038,USD
15,IBOC,0,0,BEM_DEFAULT_COMMENT,0,34,BTAL003,USD
15,IBOC,0,0,BEM_DEFAULT_COMMENT,0,34,BTBD000,USD
15,IBOC,0,0,BEM_DEFAULT_COMMENT,0,34,BTAA007,USD
15,IBOC,0,0,BEM_DEFAULT_COMMENT,0,34,G08439164,USD
15,IBOC,0,0,BEM_DEFAULT_COMMENT,0,34,DABP,USD
15,IBOC,0,0,BEM_DEFAULT_COMMENT,0,34,T20021185,USD
15,IBOC,0,0,BEM_DEFAULT_COMMENT,0,34,BTCM088,USD
15,IBOC,0,0,BEM_DEFAULT_COMMENT,0,34,G01222278,USD
15,IBOC,0,0,BEM_DEFAULT_COMMENT,0,34,AB013I8,USD
15,IBOC,0,0,BEM_DEFAULT_COMMENT,0,34,ABBN520,USD
15,IBOC,0,0,BEM_DEFAULT_COMMENT,0,34,AB0156T,USD
15,IBOC,0,0,BEM_DEFAULT_COMMENT,0,34,A59050563,USD
15,IBOC,0,0,BEM_DEFAULT_COMMENT,0,34,ABST576,USD
15,IBOC,0,0,BEM_DEFAULT_COMMENT,0,34,ABRG356,USD
15,IBOC,0,0,BEM_DEFAULT_COMMENT,0,34,BTGD001,USD
15,IBOC,0,0,BEM_DEFAULT_COMMENT,0,34,BTJK045,USD
15,IBOC,0,0,BEM_DEFAULT_COMMENT,0,34,G01222393,USD
15,IBOC,0,0,BEM_DEFAULT_COMMENT,0,34,G01233879,USD
15,IBOC,0,0,BEM_DEFAULT_COMMENT,0,34,G08439494,USD
15,IBOC,0,0,BEM_DEFAULT_COMMENT,0,34,AB0153L,USD
15,IBOC,0,0,BEM_DEFAULT_COMMENT,0,34,AB006J3,USD
15,IBOC,0,0,BEM_DEFAULT_COMMENT,0,34,1032711,USD
15,IBOC,0,0,BEM_DEFAULT_COMMENT,0,34,E20042603,USD
15,IBOC,0,0,BEM_DEFAULT_COMMENT,0,34,AB013S9,USD
15,IBOC,0,0,BEM_DEFAULT_COMMENT,0,34,1641,USD
15,IBOC,0,0,BEM_DEFAULT_COMMENT,0,34,AB0146U,USD
15,IBOC,0,0,BEM_DEFAULT_COMMENT,0,34,BTIM000,USD
15,IBOC,0,0,BEM_DEFAULT_COMMENT,0,34,AB0127L,USD
15,IBOC,0,0,BEM_DEFAULT_COMMENT,0,34,G08439818,USD
15,IBOC,0,0,BEM_DEFAULT_COMMENT,0,34,BTJK046,USD
15,IBOC,0,0,BEM_DEFAULT_COMMENT,0,34,BTPM020,USD
15,IBOC,0,0,BEM_DEFAULT_COMMENT,0,34,G01250417,USD
15,IBOC,0,0,BEM_DEFAULT_COMMENT,0,34,A59006070,USD
15,IBOC,0,0,BEM_DEFAULT_COMMENT,0,34,AB0127M,USD
15,IBOC,0,0,BEM_DEFAULT_COMMENT,0,34,G08439273,USD
15,IBOC,0,0,BEM_DEFAULT_COMMENT,0,34,G01252010,USD
15,IBOC,0,0,BEM_DEFAULT_COMMENT,0,34,BTAS002,USD
15,IBOC,0,0,BEM_DEFAULT_COMMENT,0,34,BTAO002,USD
15,IBOC,0,0,BEM_DEFAULT_COMMENT,0,34,BTAK006,USD
15,IBOC,0,0,BEM_DEFAULT_COMMENT,0,34,G01196241,USD
15,IBOC,0,0,BEM_DEFAULT_COMMENT,0,34,G01263982,USD
15,IBOC,0,0,BEM_DEFAULT_COMMENT,0,34,AB0138U,USD
15,IBOC,0,0,BEM_DEFAULT_COMMENT,0,34,ABSNA4R,USD
15,IBOC,0,0,BEM_DEFAULT_COMMENT,0,34,ABJE005,USD
15,IBOC,0,0,BEM_DEFAULT_COMMENT,0,34,ABJMAJC,USD
15,IBOC,0,0,BEM_DEFAULT_COMMENT,0,34,TUATBSR,USD
15,IBOC,0,0,BEM_DEFAULT_COMMENT,0,34,T20021180,USD
