bankCode,channel,externalBatchNumber,externalSystemAuditTrailNumber,comment,reasonCode,transactionBranch,userId,customerId
15,IBOC,0,0,BEM_DEFAULT_COMMENT,0,34,AB015E4,10112
15,IBOC,0,0,BEM_DEFAULT_COMMENT,0,34,AB015E4,741207
15,IBOC,0,0,BEM_DEFAULT_COMMENT,0,34,AB015E4,741241
15,IBOC,0,0,BEM_DEFAULT_COMMENT,0,34,AB015E4,742413
15,IBOC,0,0,BEM_DEFAULT_COMMENT,0,34,AB015E4,741092
15,IBOC,0,0,BEM_DEFAULT_COMMENT,0,34,AB015E4,742264
15,IBOC,0,0,BEM_DEFAULT_COMMENT,0,34,AB015E4,742402
15,IBOC,0,0,BEM_DEFAULT_COMMENT,0,34,AB015E4,742397
15,IBOC,0,0,BEM_DEFAULT_COMMENT,0,34,AB015E4,741945
15,IBOC,0,0,BEM_DEFAULT_COMMENT,0,34,AB015E4,741611
15,IBOC,0,0,BEM_DEFAULT_COMMENT,0,34,AB015E4,742390
15,IBOC,0,0,BEM_DEFAULT_COMMENT,0,34,AB015E4,741270
15,IBOC,0,0,BEM_DEFAULT_COMMENT,0,34,AB015E4,741963
15,IBOC,0,0,BEM_DEFAULT_COMMENT,0,34,AB015E4,741960
15,IBOC,0,0,BEM_DEFAULT_COMMENT,0,34,AB015E4,741827
15,IBOC,0,0,BEM_DEFAULT_COMMENT,0,34,AB015E4,741840
15,IBOC,0,0,BEM_DEFAULT_COMMENT,0,34,AB015E4,742387
15,IBOC,0,0,BEM_DEFAULT_COMMENT,0,34,AB015E4,742383
15,IBOC,0,0,BEM_DEFAULT_COMMENT,0,34,AB015E4,742404
15,IBOC,0,0,BEM_DEFAULT_COMMENT,0,34,AB015E4,741937
15,IBOC,0,0,BEM_DEFAULT_COMMENT,0,34,AB015E4,741248
15,IBOC,0,0,BEM_DEFAULT_COMMENT,0,34,AB015E4,741230
15,IBOC,0,0,BEM_DEFAULT_COMMENT,0,34,AB015E4,741081
15,IBOC,0,0,BEM_DEFAULT_COMMENT,0,34,AB015E4,741103
15,IBOC,0,0,BEM_DEFAULT_COMMENT,0,34,AB015E4,741110
15,IBOC,0,0,BEM_DEFAULT_COMMENT,0,34,AB015E4,741111
15,IBOC,0,0,BEM_DEFAULT_COMMENT,0,34,AB015E4,741102
15,IBOC,0,0,BEM_DEFAULT_COMMENT,0,34,AB015E4,741121
15,IBOC,0,0,BEM_DEFAULT_COMMENT,0,34,AB015E4,741124
15,IBOC,0,0,BEM_DEFAULT_COMMENT,0,34,AB015E4,741125
15,IBOC,0,0,BEM_DEFAULT_COMMENT,0,34,AB015E4,741129
15,IBOC,0,0,BEM_DEFAULT_COMMENT,0,34,AB015E4,741124
15,IBOC,0,0,BEM_DEFAULT_COMMENT,0,34,AB015E4,741124
15,IBOC,0,0,BEM_DEFAULT_COMMENT,0,34,AB015E4,741131
15,IBOC,0,0,BEM_DEFAULT_COMMENT,0,34,AB015E4,741081
15,IBOC,0,0,BEM_DEFAULT_COMMENT,0,34,AB015E4,741081
15,IBOC,0,0,BEM_DEFAULT_COMMENT,0,34,AB015E4,741083
15,IBOC,0,0,BEM_DEFAULT_COMMENT,0,34,AB015E4,741169
15,IBOC,0,0,BEM_DEFAULT_COMMENT,0,34,AB015E4,741176
15,IBOC,0,0,BEM_DEFAULT_COMMENT,0,34,AB015E4,741177
15,IBOC,0,0,BEM_DEFAULT_COMMENT,0,34,AB015E4,741176
15,IBOC,0,0,BEM_DEFAULT_COMMENT,0,34,AB015E4,741181
15,IBOC,0,0,BEM_DEFAULT_COMMENT,0,34,AB015E4,741182
15,IBOC,0,0,BEM_DEFAULT_COMMENT,0,34,AB015E4,741189
15,IBOC,0,0,BEM_DEFAULT_COMMENT,0,34,AB015E4,741194
15,IBOC,0,0,BEM_DEFAULT_COMMENT,0,34,AB015E4,741133
15,IBOC,0,0,BEM_DEFAULT_COMMENT,0,34,AB015E4,741138
15,IBOC,0,0,BEM_DEFAULT_COMMENT,0,34,AB015E4,741136
15,IBOC,0,0,BEM_DEFAULT_COMMENT,0,34,AB015E4,741136
15,IBOC,0,0,BEM_DEFAULT_COMMENT,0,34,AB015E4,741157
15,IBOC,0,0,BEM_DEFAULT_COMMENT,0,34,AB015E4,741176
15,IBOC,0,0,BEM_DEFAULT_COMMENT,0,34,AB015E4,741176
15,IBOC,0,0,BEM_DEFAULT_COMMENT,0,34,AB015E4,741124
15,IBOC,0,0,BEM_DEFAULT_COMMENT,0,34,AB015E4,741135
15,IBOC,0,0,BEM_DEFAULT_COMMENT,0,34,AB015E4,741163
15,IBOC,0,0,BEM_DEFAULT_COMMENT,0,34,AB015E4,741146
15,IBOC,0,0,BEM_DEFAULT_COMMENT,0,34,AB015E4,741157
15,IBOC,0,0,BEM_DEFAULT_COMMENT,0,34,AB015E4,741165
15,IBOC,0,0,BEM_DEFAULT_COMMENT,0,34,AB015E4,741184
15,IBOC,0,0,BEM_DEFAULT_COMMENT,0,34,AB015E4,741183
15,IBOC,0,0,BEM_DEFAULT_COMMENT,0,34,AB015E4,741203
15,IBOC,0,0,BEM_DEFAULT_COMMENT,0,34,AB015E4,741205
15,IBOC,0,0,BEM_DEFAULT_COMMENT,0,34,AB015E4,741208
15,IBOC,0,0,BEM_DEFAULT_COMMENT,0,34,AB015E4,741208
15,IBOC,0,0,BEM_DEFAULT_COMMENT,0,34,AB015E4,741213
15,IBOC,0,0,BEM_DEFAULT_COMMENT,0,34,AB015E4,741215
15,IBOC,0,0,BEM_DEFAULT_COMMENT,0,34,AB015E4,741214
15,IBOC,0,0,BEM_DEFAULT_COMMENT,0,34,AB015E4,741213
15,IBOC,0,0,BEM_DEFAULT_COMMENT,0,34,AB015E4,741213
15,IBOC,0,0,BEM_DEFAULT_COMMENT,0,34,AB015E4,741215
15,IBOC,0,0,BEM_DEFAULT_COMMENT,0,34,AB015E4,741215
15,IBOC,0,0,BEM_DEFAULT_COMMENT,0,34,AB015E4,741176
15,IBOC,0,0,BEM_DEFAULT_COMMENT,0,34,AB015E4,741176
15,IBOC,0,0,BEM_DEFAULT_COMMENT,0,34,AB015E4,741183
15,IBOC,0,0,BEM_DEFAULT_COMMENT,0,34,AB015E4,741186
15,IBOC,0,0,BEM_DEFAULT_COMMENT,0,34,AB015E4,741201
15,IBOC,0,0,BEM_DEFAULT_COMMENT,0,34,AB015E4,741205
15,IBOC,0,0,BEM_DEFAULT_COMMENT,0,34,AB015E4,741221
15,IBOC,0,0,BEM_DEFAULT_COMMENT,0,34,AB015E4,741215
15,IBOC,0,0,BEM_DEFAULT_COMMENT,0,34,AB015E4,741199
15,IBOC,0,0,BEM_DEFAULT_COMMENT,0,34,AB015E4,741200
15,IBOC,0,0,BEM_DEFAULT_COMMENT,0,34,AB015E4,741224
15,IBOC,0,0,BEM_DEFAULT_COMMENT,0,34,AB015E4,741231
15,IBOC,0,0,BEM_DEFAULT_COMMENT,0,34,AB015E4,741245
15,IBOC,0,0,BEM_DEFAULT_COMMENT,0,34,AB015E4,741246
15,IBOC,0,0,BEM_DEFAULT_COMMENT,0,34,AB015E4,742180
15,IBOC,0,0,BEM_DEFAULT_COMMENT,0,34,AB015E4,741248
15,IBOC,0,0,BEM_DEFAULT_COMMENT,0,34,AB015E4,741248
15,IBOC,0,0,BEM_DEFAULT_COMMENT,0,34,AB015E4,741248
15,IBOC,0,0,BEM_DEFAULT_COMMENT,0,34,AB015E4,741252
15,IBOC,0,0,BEM_DEFAULT_COMMENT,0,34,AB015E4,741252
15,IBOC,0,0,BEM_DEFAULT_COMMENT,0,34,AB015E4,741122
15,IBOC,0,0,BEM_DEFAULT_COMMENT,0,34,AB015E4,741117
15,IBOC,0,0,BEM_DEFAULT_COMMENT,0,34,AB015E4,741124
15,IBOC,0,0,BEM_DEFAULT_COMMENT,0,34,AB015E4,741124
15,IBOC,0,0,BEM_DEFAULT_COMMENT,0,34,AB015E4,741130
15,IBOC,0,0,BEM_DEFAULT_COMMENT,0,34,AB015E4,741132
15,IBOC,0,0,BEM_DEFAULT_COMMENT,0,34,AB015E4,741138
15,IBOC,0,0,BEM_DEFAULT_COMMENT,0,34,AB015E4,741138
15,IBOC,0,0,BEM_DEFAULT_COMMENT,0,34,AB015E4,741140
15,IBOC,0,0,BEM_DEFAULT_COMMENT,0,34,AB015E4,741147
15,IBOC,0,0,BEM_DEFAULT_COMMENT,0,34,AB015E4,741148
15,IBOC,0,0,BEM_DEFAULT_COMMENT,0,34,AB015E4,741156
15,IBOC,0,0,BEM_DEFAULT_COMMENT,0,34,AB015E4,741252
15,IBOC,0,0,BEM_DEFAULT_COMMENT,0,34,AB015E4,741297
15,IBOC,0,0,BEM_DEFAULT_COMMENT,0,34,AB015E4,741310
15,IBOC,0,0,BEM_DEFAULT_COMMENT,0,34,AB015E4,741317
15,IBOC,0,0,BEM_DEFAULT_COMMENT,0,34,AB015E4,741318
15,IBOC,0,0,BEM_DEFAULT_COMMENT,0,34,AB015E4,741319
15,IBOC,0,0,BEM_DEFAULT_COMMENT,0,34,AB015E4,741582
15,IBOC,0,0,BEM_DEFAULT_COMMENT,0,34,AB015E4,741427
15,IBOC,0,0,BEM_DEFAULT_COMMENT,0,34,AB015E4,741595
15,IBOC,0,0,BEM_DEFAULT_COMMENT,0,34,AB015E4,741598
15,IBOC,0,0,BEM_DEFAULT_COMMENT,0,34,AB015E4,741603
15,IBOC,0,0,BEM_DEFAULT_COMMENT,0,34,AB015E4,741258
15,IBOC,0,0,BEM_DEFAULT_COMMENT,0,34,AB015E4,741668
15,IBOC,0,0,BEM_DEFAULT_COMMENT,0,34,AB015E4,741703
15,IBOC,0,0,BEM_DEFAULT_COMMENT,0,34,AB015E4,741702
15,IBOC,0,0,BEM_DEFAULT_COMMENT,0,34,AB015E4,741668
15,IBOC,0,0,BEM_DEFAULT_COMMENT,0,34,AB015E4,741668
15,IBOC,0,0,BEM_DEFAULT_COMMENT,0,34,AB015E4,741668
15,IBOC,0,0,BEM_DEFAULT_COMMENT,0,34,AB015E4,741671
15,IBOC,0,0,BEM_DEFAULT_COMMENT,0,34,AB015E4,741671
15,IBOC,0,0,BEM_DEFAULT_COMMENT,0,34,AB015E4,741671
15,IBOC,0,0,BEM_DEFAULT_COMMENT,0,34,AB015E4,741721
15,IBOC,0,0,BEM_DEFAULT_COMMENT,0,34,AB015E4,741255
15,IBOC,0,0,BEM_DEFAULT_COMMENT,0,34,AB015E4,741428
15,IBOC,0,0,BEM_DEFAULT_COMMENT,0,34,AB015E4,741241
15,IBOC,0,0,BEM_DEFAULT_COMMENT,0,34,AB015E4,741241
15,IBOC,0,0,BEM_DEFAULT_COMMENT,0,34,AB015E4,741241
15,IBOC,0,0,BEM_DEFAULT_COMMENT,0,34,AB015E4,741241
15,IBOC,0,0,BEM_DEFAULT_COMMENT,0,34,AB015E4,741346
15,IBOC,0,0,BEM_DEFAULT_COMMENT,0,34,AB015E4,741479
15,IBOC,0,0,BEM_DEFAULT_COMMENT,0,34,AB015E4,741241
15,IBOC,0,0,BEM_DEFAULT_COMMENT,0,34,AB015E4,741637
15,IBOC,0,0,BEM_DEFAULT_COMMENT,0,34,AB015E4,741355
15,IBOC,0,0,BEM_DEFAULT_COMMENT,0,34,AB015E4,741624
15,IBOC,0,0,BEM_DEFAULT_COMMENT,0,34,AB015E4,741241
15,IBOC,0,0,BEM_DEFAULT_COMMENT,0,34,AB015E4,741346
15,IBOC,0,0,BEM_DEFAULT_COMMENT,0,34,AB015E4,741233
15,IBOC,0,0,BEM_DEFAULT_COMMENT,0,34,AB015E4,741624
15,IBOC,0,0,BEM_DEFAULT_COMMENT,0,34,AB015E4,741346
15,IBOC,0,0,BEM_DEFAULT_COMMENT,0,34,AB015E4,741624
15,IBOC,0,0,BEM_DEFAULT_COMMENT,0,34,AB015E4,741417
15,IBOC,0,0,BEM_DEFAULT_COMMENT,0,34,AB015E4,741624
15,IBOC,0,0,BEM_DEFAULT_COMMENT,0,34,AB015E4,741302
15,IBOC,0,0,BEM_DEFAULT_COMMENT,0,34,AB015E4,741303
15,IBOC,0,0,BEM_DEFAULT_COMMENT,0,34,AB015E4,741242
15,IBOC,0,0,BEM_DEFAULT_COMMENT,0,34,AB015E4,741449
15,IBOC,0,0,BEM_DEFAULT_COMMENT,0,34,AB015E4,741453
15,IBOC,0,0,BEM_DEFAULT_COMMENT,0,34,AB015E4,741241
15,IBOC,0,0,BEM_DEFAULT_COMMENT,0,34,AB015E4,741367
15,IBOC,0,0,BEM_DEFAULT_COMMENT,0,34,AB015E4,741346
15,IBOC,0,0,BEM_DEFAULT_COMMENT,0,34,AB015E4,741346
15,IBOC,0,0,BEM_DEFAULT_COMMENT,0,34,AB015E4,741241
15,IBOC,0,0,BEM_DEFAULT_COMMENT,0,34,AB015E4,741605
15,IBOC,0,0,BEM_DEFAULT_COMMENT,0,34,AB015E4,741281
15,IBOC,0,0,BEM_DEFAULT_COMMENT,0,34,AB015E4,741304
15,IBOC,0,0,BEM_DEFAULT_COMMENT,0,34,AB015E4,741241
15,IBOC,0,0,BEM_DEFAULT_COMMENT,0,34,AB015E4,741241
15,IBOC,0,0,BEM_DEFAULT_COMMENT,0,34,AB015E4,741387
15,IBOC,0,0,BEM_DEFAULT_COMMENT,0,34,AB015E4,741718
15,IBOC,0,0,BEM_DEFAULT_COMMENT,0,34,AB015E4,741668
15,IBOC,0,0,BEM_DEFAULT_COMMENT,0,34,AB015E4,741374
15,IBOC,0,0,BEM_DEFAULT_COMMENT,0,34,AB015E4,741722
15,IBOC,0,0,BEM_DEFAULT_COMMENT,0,34,AB015E4,741741
15,IBOC,0,0,BEM_DEFAULT_COMMENT,0,34,AB015E4,741241
15,IBOC,0,0,BEM_DEFAULT_COMMENT,0,34,AB015E4,741241
15,IBOC,0,0,BEM_DEFAULT_COMMENT,0,34,AB015E4,741241
15,IBOC,0,0,BEM_DEFAULT_COMMENT,0,34,AB015E4,741522
15,IBOC,0,0,BEM_DEFAULT_COMMENT,0,34,AB015E4,741523
15,IBOC,0,0,BEM_DEFAULT_COMMENT,0,34,AB015E4,741568
15,IBOC,0,0,BEM_DEFAULT_COMMENT,0,34,AB015E4,741568
15,IBOC,0,0,BEM_DEFAULT_COMMENT,0,34,AB015E4,741585
15,IBOC,0,0,BEM_DEFAULT_COMMENT,0,34,AB015E4,741591
15,IBOC,0,0,BEM_DEFAULT_COMMENT,0,34,AB015E4,741600
15,IBOC,0,0,BEM_DEFAULT_COMMENT,0,34,AB015E4,741602
15,IBOC,0,0,BEM_DEFAULT_COMMENT,0,34,AB015E4,741629
15,IBOC,0,0,BEM_DEFAULT_COMMENT,0,34,AB015E4,741183
15,IBOC,0,0,BEM_DEFAULT_COMMENT,0,34,AB015E4,741184
15,IBOC,0,0,BEM_DEFAULT_COMMENT,0,34,AB015E4,741241
15,IBOC,0,0,BEM_DEFAULT_COMMENT,0,34,AB015E4,741346
15,IBOC,0,0,BEM_DEFAULT_COMMENT,0,34,AB015E4,741450
15,IBOC,0,0,BEM_DEFAULT_COMMENT,0,34,AB015E4,741346
15,IBOC,0,0,BEM_DEFAULT_COMMENT,0,34,AB015E4,741241
15,IBOC,0,0,BEM_DEFAULT_COMMENT,0,34,AB015E4,741346
15,IBOC,0,0,BEM_DEFAULT_COMMENT,0,34,AB015E4,741353
15,IBOC,0,0,BEM_DEFAULT_COMMENT,0,34,AB015E4,741393
15,IBOC,0,0,BEM_DEFAULT_COMMENT,0,34,AB015E4,741544
15,IBOC,0,0,BEM_DEFAULT_COMMENT,0,34,AB015E4,741431
15,IBOC,0,0,BEM_DEFAULT_COMMENT,0,34,AB015E4,741432
15,IBOC,0,0,BEM_DEFAULT_COMMENT,0,34,AB015E4,741539
15,IBOC,0,0,BEM_DEFAULT_COMMENT,0,34,AB015E4,741547
15,IBOC,0,0,BEM_DEFAULT_COMMENT,0,34,AB015E4,741548
15,IBOC,0,0,BEM_DEFAULT_COMMENT,0,34,AB015E4,741555
15,IBOC,0,0,BEM_DEFAULT_COMMENT,0,34,AB015E4,741241
15,IBOC,0,0,BEM_DEFAULT_COMMENT,0,34,AB015E4,741241
15,IBOC,0,0,BEM_DEFAULT_COMMENT,0,34,AB015E4,741542
15,IBOC,0,0,BEM_DEFAULT_COMMENT,0,34,AB015E4,741547
15,IBOC,0,0,BEM_DEFAULT_COMMENT,0,34,AB015E4,741550
15,IBOC,0,0,BEM_DEFAULT_COMMENT,0,34,AB015E4,741547
15,IBOC,0,0,BEM_DEFAULT_COMMENT,0,34,AB015E4,741553
15,IBOC,0,0,BEM_DEFAULT_COMMENT,0,34,AB015E4,741555
15,IBOC,0,0,BEM_DEFAULT_COMMENT,0,34,AB015E4,741753
15,IBOC,0,0,BEM_DEFAULT_COMMENT,0,34,AB015E4,741356
15,IBOC,0,0,BEM_DEFAULT_COMMENT,0,34,AB015E4,741241
15,IBOC,0,0,BEM_DEFAULT_COMMENT,0,34,AB015E4,741241
15,IBOC,0,0,BEM_DEFAULT_COMMENT,0,34,AB015E4,741358
15,IBOC,0,0,BEM_DEFAULT_COMMENT,0,34,AB015E4,741364
15,IBOC,0,0,BEM_DEFAULT_COMMENT,0,34,AB015E4,741367
15,IBOC,0,0,BEM_DEFAULT_COMMENT,0,34,AB015E4,741368
15,IBOC,0,0,BEM_DEFAULT_COMMENT,0,34,AB015E4,741638
15,IBOC,0,0,BEM_DEFAULT_COMMENT,0,34,AB015E4,741370
15,IBOC,0,0,BEM_DEFAULT_COMMENT,0,34,AB015E4,741624
15,IBOC,0,0,BEM_DEFAULT_COMMENT,0,34,AB015E4,741384
15,IBOC,0,0,BEM_DEFAULT_COMMENT,0,34,AB015E4,741282
15,IBOC,0,0,BEM_DEFAULT_COMMENT,0,34,AB015E4,741280
15,IBOC,0,0,BEM_DEFAULT_COMMENT,0,34,AB015E4,741286
15,IBOC,0,0,BEM_DEFAULT_COMMENT,0,34,AB015E4,741241
15,IBOC,0,0,BEM_DEFAULT_COMMENT,0,34,AB015E4,741241
15,IBOC,0,0,BEM_DEFAULT_COMMENT,0,34,AB015E4,741624
15,IBOC,0,0,BEM_DEFAULT_COMMENT,0,34,AB015E4,741682
15,IBOC,0,0,BEM_DEFAULT_COMMENT,0,34,AB015E4,741679
15,IBOC,0,0,BEM_DEFAULT_COMMENT,0,34,AB015E4,741453
15,IBOC,0,0,BEM_DEFAULT_COMMENT,0,34,AB015E4,741689
15,IBOC,0,0,BEM_DEFAULT_COMMENT,0,34,AB015E4,741624
15,IBOC,0,0,BEM_DEFAULT_COMMENT,0,34,AB015E4,741624
15,IBOC,0,0,BEM_DEFAULT_COMMENT,0,34,AB015E4,741182
15,IBOC,0,0,BEM_DEFAULT_COMMENT,0,34,AB015E4,741183
15,IBOC,0,0,BEM_DEFAULT_COMMENT,0,34,AB015E4,741459
15,IBOC,0,0,BEM_DEFAULT_COMMENT,0,34,AB015E4,741241
15,IBOC,0,0,BEM_DEFAULT_COMMENT,0,34,AB015E4,741622
15,IBOC,0,0,BEM_DEFAULT_COMMENT,0,34,AB015E4,741612
15,IBOC,0,0,BEM_DEFAULT_COMMENT,0,34,AB015E4,741626
15,IBOC,0,0,BEM_DEFAULT_COMMENT,0,34,AB015E4,741624
15,IBOC,0,0,BEM_DEFAULT_COMMENT,0,34,AB015E4,741624
15,IBOC,0,0,BEM_DEFAULT_COMMENT,0,34,AB015E4,741624
15,IBOC,0,0,BEM_DEFAULT_COMMENT,0,34,AB015E4,741624
15,IBOC,0,0,BEM_DEFAULT_COMMENT,0,34,AB015E4,741546
15,IBOC,0,0,BEM_DEFAULT_COMMENT,0,34,AB015E4,741549
15,IBOC,0,0,BEM_DEFAULT_COMMENT,0,34,AB015E4,741551
15,IBOC,0,0,BEM_DEFAULT_COMMENT,0,34,AB015E4,741552
15,IBOC,0,0,BEM_DEFAULT_COMMENT,0,34,AB015E4,741553
15,IBOC,0,0,BEM_DEFAULT_COMMENT,0,34,AB015E4,741754
15,IBOC,0,0,BEM_DEFAULT_COMMENT,0,34,AB015E4,741756
15,IBOC,0,0,BEM_DEFAULT_COMMENT,0,34,AB015E4,741762
15,IBOC,0,0,BEM_DEFAULT_COMMENT,0,34,AB015E4,741769
15,IBOC,0,0,BEM_DEFAULT_COMMENT,0,34,AB015E4,741820
15,IBOC,0,0,BEM_DEFAULT_COMMENT,0,34,AB015E4,741391
15,IBOC,0,0,BEM_DEFAULT_COMMENT,0,34,AB015E4,741395
15,IBOC,0,0,BEM_DEFAULT_COMMENT,0,34,AB015E4,741396
15,IBOC,0,0,BEM_DEFAULT_COMMENT,0,34,AB015E4,741397
15,IBOC,0,0,BEM_DEFAULT_COMMENT,0,34,AB015E4,741398
15,IBOC,0,0,BEM_DEFAULT_COMMENT,0,34,AB015E4,741399
15,IBOC,0,0,BEM_DEFAULT_COMMENT,0,34,AB015E4,741401
15,IBOC,0,0,BEM_DEFAULT_COMMENT,0,34,AB015E4,741233
15,IBOC,0,0,BEM_DEFAULT_COMMENT,0,34,AB015E4,741451
15,IBOC,0,0,BEM_DEFAULT_COMMENT,0,34,AB015E4,741452
15,IBOC,0,0,BEM_DEFAULT_COMMENT,0,34,AB015E4,741624
15,IBOC,0,0,BEM_DEFAULT_COMMENT,0,34,AB015E4,741136
15,IBOC,0,0,BEM_DEFAULT_COMMENT,0,34,AB015E4,741229
15,IBOC,0,0,BEM_DEFAULT_COMMENT,0,34,AB015E4,741241
15,IBOC,0,0,BEM_DEFAULT_COMMENT,0,34,AB015E4,741690
15,IBOC,0,0,BEM_DEFAULT_COMMENT,0,34,AB015E4,741624
15,IBOC,0,0,BEM_DEFAULT_COMMENT,0,34,AB015E4,741624
15,IBOC,0,0,BEM_DEFAULT_COMMENT,0,34,AB015E4,741624
15,IBOC,0,0,BEM_DEFAULT_COMMENT,0,34,AB015E4,741624
15,IBOC,0,0,BEM_DEFAULT_COMMENT,0,34,AB015E4,741624
15,IBOC,0,0,BEM_DEFAULT_COMMENT,0,34,AB015E4,741624
15,IBOC,0,0,BEM_DEFAULT_COMMENT,0,34,AB015E4,741324
15,IBOC,0,0,BEM_DEFAULT_COMMENT,0,34,AB015E4,741345
15,IBOC,0,0,BEM_DEFAULT_COMMENT,0,34,AB015E4,741624
15,IBOC,0,0,BEM_DEFAULT_COMMENT,0,34,AB015E4,741624
15,IBOC,0,0,BEM_DEFAULT_COMMENT,0,34,AB015E4,741624
15,IBOC,0,0,BEM_DEFAULT_COMMENT,0,34,AB015E4,741624
15,IBOC,0,0,BEM_DEFAULT_COMMENT,0,34,AB015E4,741624
15,IBOC,0,0,BEM_DEFAULT_COMMENT,0,34,AB015E4,741624
15,IBOC,0,0,BEM_DEFAULT_COMMENT,0,34,AB015E4,741705
15,IBOC,0,0,BEM_DEFAULT_COMMENT,0,34,AB015E4,741709
15,IBOC,0,0,BEM_DEFAULT_COMMENT,0,34,AB015E4,741671
15,IBOC,0,0,BEM_DEFAULT_COMMENT,0,34,AB015E4,741762
15,IBOC,0,0,BEM_DEFAULT_COMMENT,0,34,AB015E4,741781
15,IBOC,0,0,BEM_DEFAULT_COMMENT,0,34,AB015E4,741853
15,IBOC,0,0,BEM_DEFAULT_COMMENT,0,34,AB015E4,741876
15,IBOC,0,0,BEM_DEFAULT_COMMENT,0,34,AB015E4,741889
15,IBOC,0,0,BEM_DEFAULT_COMMENT,0,34,AB015E4,741891
15,IBOC,0,0,BEM_DEFAULT_COMMENT,0,34,AB015E4,741894
15,IBOC,0,0,BEM_DEFAULT_COMMENT,0,34,AB015E4,741897
15,IBOC,0,0,BEM_DEFAULT_COMMENT,0,34,AB015E4,741702
15,IBOC,0,0,BEM_DEFAULT_COMMENT,0,34,AB015E4,741920
15,IBOC,0,0,BEM_DEFAULT_COMMENT,0,34,AB015E4,741922
15,IBOC,0,0,BEM_DEFAULT_COMMENT,0,34,AB015E4,741659
15,IBOC,0,0,BEM_DEFAULT_COMMENT,0,34,AB015E4,741624
15,IBOC,0,0,BEM_DEFAULT_COMMENT,0,34,AB015E4,741624
15,IBOC,0,0,BEM_DEFAULT_COMMENT,0,34,AB015E4,741673
15,IBOC,0,0,BEM_DEFAULT_COMMENT,0,34,AB015E4,741676
15,IBOC,0,0,BEM_DEFAULT_COMMENT,0,34,AB015E4,741679
15,IBOC,0,0,BEM_DEFAULT_COMMENT,0,34,AB015E4,741683
15,IBOC,0,0,BEM_DEFAULT_COMMENT,0,34,AB015E4,741684
15,IBOC,0,0,BEM_DEFAULT_COMMENT,0,34,AB015E4,741624
15,IBOC,0,0,BEM_DEFAULT_COMMENT,0,34,AB015E4,741685
15,IBOC,0,0,BEM_DEFAULT_COMMENT,0,34,AB015E4,741624
15,IBOC,0,0,BEM_DEFAULT_COMMENT,0,34,AB015E4,741718
15,IBOC,0,0,BEM_DEFAULT_COMMENT,0,34,AB015E4,741624
15,IBOC,0,0,BEM_DEFAULT_COMMENT,0,34,AB015E4,741624
15,IBOC,0,0,BEM_DEFAULT_COMMENT,0,34,AB015E4,741694
15,IBOC,0,0,BEM_DEFAULT_COMMENT,0,34,AB015E4,741698
15,IBOC,0,0,BEM_DEFAULT_COMMENT,0,34,AB015E4,741624
15,IBOC,0,0,BEM_DEFAULT_COMMENT,0,34,AB015E4,741624
15,IBOC,0,0,BEM_DEFAULT_COMMENT,0,34,AB015E4,741689
15,IBOC,0,0,BEM_DEFAULT_COMMENT,0,34,AB015E4,741699
15,IBOC,0,0,BEM_DEFAULT_COMMENT,0,34,AB015E4,741699
15,IBOC,0,0,BEM_DEFAULT_COMMENT,0,34,AB015E4,741702
15,IBOC,0,0,BEM_DEFAULT_COMMENT,0,34,AB015E4,741702
15,IBOC,0,0,BEM_DEFAULT_COMMENT,0,34,AB015E4,741668
15,IBOC,0,0,BEM_DEFAULT_COMMENT,0,34,AB015E4,741671
15,IBOC,0,0,BEM_DEFAULT_COMMENT,0,34,AB015E4,741692
15,IBOC,0,0,BEM_DEFAULT_COMMENT,0,34,AB015E4,741716
15,IBOC,0,0,BEM_DEFAULT_COMMENT,0,34,AB015E4,741717
15,IBOC,0,0,BEM_DEFAULT_COMMENT,0,34,AB015E4,741717
15,IBOC,0,0,BEM_DEFAULT_COMMENT,0,34,AB015E4,741725
15,IBOC,0,0,BEM_DEFAULT_COMMENT,0,34,AB015E4,741726
15,IBOC,0,0,BEM_DEFAULT_COMMENT,0,34,AB015E4,741729
15,IBOC,0,0,BEM_DEFAULT_COMMENT,0,34,AB015E4,741725
15,IBOC,0,0,BEM_DEFAULT_COMMENT,0,34,AB015E4,741241
15,IBOC,0,0,BEM_DEFAULT_COMMENT,0,34,AB015E4,741611
15,IBOC,0,0,BEM_DEFAULT_COMMENT,0,34,AB015E4,741951
15,IBOC,0,0,BEM_DEFAULT_COMMENT,0,34,AB015E4,741955
15,IBOC,0,0,BEM_DEFAULT_COMMENT,0,34,AB015E4,741702
15,IBOC,0,0,BEM_DEFAULT_COMMENT,0,34,AB015E4,742001
15,IBOC,0,0,BEM_DEFAULT_COMMENT,0,34,AB015E4,741233
15,IBOC,0,0,BEM_DEFAULT_COMMENT,0,34,AB015E4,741346
15,IBOC,0,0,BEM_DEFAULT_COMMENT,0,34,AB015E4,741716
15,IBOC,0,0,BEM_DEFAULT_COMMENT,0,34,AB015E4,741718
15,IBOC,0,0,BEM_DEFAULT_COMMENT,0,34,AB015E4,741717
15,IBOC,0,0,BEM_DEFAULT_COMMENT,0,34,AB015E4,741727
15,IBOC,0,0,BEM_DEFAULT_COMMENT,0,34,AB015E4,741732
15,IBOC,0,0,BEM_DEFAULT_COMMENT,0,34,AB015E4,741702
15,IBOC,0,0,BEM_DEFAULT_COMMENT,0,34,AB015E4,741702
15,IBOC,0,0,BEM_DEFAULT_COMMENT,0,34,AB015E4,741702
15,IBOC,0,0,BEM_DEFAULT_COMMENT,0,34,AB015E4,741668
15,IBOC,0,0,BEM_DEFAULT_COMMENT,0,34,AB015E4,741704
15,IBOC,0,0,BEM_DEFAULT_COMMENT,0,34,AB015E4,741671
15,IBOC,0,0,BEM_DEFAULT_COMMENT,0,34,AB015E4,741671
15,IBOC,0,0,BEM_DEFAULT_COMMENT,0,34,AB015E4,741729
15,IBOC,0,0,BEM_DEFAULT_COMMENT,0,34,AB015E4,741725
15,IBOC,0,0,BEM_DEFAULT_COMMENT,0,34,AB015E4,741742
15,IBOC,0,0,BEM_DEFAULT_COMMENT,0,34,AB015E4,741491
15,IBOC,0,0,BEM_DEFAULT_COMMENT,0,34,AB015E4,741726
15,IBOC,0,0,BEM_DEFAULT_COMMENT,0,34,AB015E4,741241
15,IBOC,0,0,BEM_DEFAULT_COMMENT,0,34,AB015E4,741725
15,IBOC,0,0,BEM_DEFAULT_COMMENT,0,34,AB015E4,741734
15,IBOC,0,0,BEM_DEFAULT_COMMENT,0,34,AB015E4,741738
15,IBOC,0,0,BEM_DEFAULT_COMMENT,0,34,AB015E4,741762
15,IBOC,0,0,BEM_DEFAULT_COMMENT,0,34,AB015E4,741769
15,IBOC,0,0,BEM_DEFAULT_COMMENT,0,34,AB015E4,741739
15,IBOC,0,0,BEM_DEFAULT_COMMENT,0,34,AB015E4,741955
15,IBOC,0,0,BEM_DEFAULT_COMMENT,0,34,AB015E4,741312
15,IBOC,0,0,BEM_DEFAULT_COMMENT,0,34,AB015E4,741241
15,IBOC,0,0,BEM_DEFAULT_COMMENT,0,34,AB015E4,741856
15,IBOC,0,0,BEM_DEFAULT_COMMENT,0,34,AB015E4,741856
15,IBOC,0,0,BEM_DEFAULT_COMMENT,0,34,AB015E4,741921
15,IBOC,0,0,BEM_DEFAULT_COMMENT,0,34,AB015E4,741733
15,IBOC,0,0,BEM_DEFAULT_COMMENT,0,34,AB015E4,741736
15,IBOC,0,0,BEM_DEFAULT_COMMENT,0,34,AB015E4,741737
15,IBOC,0,0,BEM_DEFAULT_COMMENT,0,34,AB015E4,741739
15,IBOC,0,0,BEM_DEFAULT_COMMENT,0,34,AB015E4,741740
15,IBOC,0,0,BEM_DEFAULT_COMMENT,0,34,AB015E4,741769
15,IBOC,0,0,BEM_DEFAULT_COMMENT,0,34,AB015E4,741813
15,IBOC,0,0,BEM_DEFAULT_COMMENT,0,34,AB015E4,741817
15,IBOC,0,0,BEM_DEFAULT_COMMENT,0,34,AB015E4,741841
15,IBOC,0,0,BEM_DEFAULT_COMMENT,0,34,AB015E4,741846
15,IBOC,0,0,BEM_DEFAULT_COMMENT,0,34,AB015E4,741369
15,IBOC,0,0,BEM_DEFAULT_COMMENT,0,34,AB015E4,741745
15,IBOC,0,0,BEM_DEFAULT_COMMENT,0,34,AB015E4,741747
15,IBOC,0,0,BEM_DEFAULT_COMMENT,0,34,AB015E4,741748
15,IBOC,0,0,BEM_DEFAULT_COMMENT,0,34,AB015E4,741752
15,IBOC,0,0,BEM_DEFAULT_COMMENT,0,34,AB015E4,741755
15,IBOC,0,0,BEM_DEFAULT_COMMENT,0,34,AB015E4,741757
15,IBOC,0,0,BEM_DEFAULT_COMMENT,0,34,AB015E4,741756
15,IBOC,0,0,BEM_DEFAULT_COMMENT,0,34,AB015E4,741759
15,IBOC,0,0,BEM_DEFAULT_COMMENT,0,34,AB015E4,741451
15,IBOC,0,0,BEM_DEFAULT_COMMENT,0,34,AB015E4,741924
15,IBOC,0,0,BEM_DEFAULT_COMMENT,0,34,AB015E4,742050
15,IBOC,0,0,BEM_DEFAULT_COMMENT,0,34,AB015E4,741241
15,IBOC,0,0,BEM_DEFAULT_COMMENT,0,34,AB015E4,741825
15,IBOC,0,0,BEM_DEFAULT_COMMENT,0,34,AB015E4,741245
15,IBOC,0,0,BEM_DEFAULT_COMMENT,0,34,AB015E4,741245
15,IBOC,0,0,BEM_DEFAULT_COMMENT,0,34,AB015E4,741837
15,IBOC,0,0,BEM_DEFAULT_COMMENT,0,34,AB015E4,741842
15,IBOC,0,0,BEM_DEFAULT_COMMENT,0,34,AB015E4,741830
15,IBOC,0,0,BEM_DEFAULT_COMMENT,0,34,AB015E4,741925
15,IBOC,0,0,BEM_DEFAULT_COMMENT,0,34,AB015E4,741927
15,IBOC,0,0,BEM_DEFAULT_COMMENT,0,34,AB015E4,741908
15,IBOC,0,0,BEM_DEFAULT_COMMENT,0,34,AB015E4,741241
15,IBOC,0,0,BEM_DEFAULT_COMMENT,0,34,AB015E4,741241
15,IBOC,0,0,BEM_DEFAULT_COMMENT,0,34,AB015E4,741778
15,IBOC,0,0,BEM_DEFAULT_COMMENT,0,34,AB015E4,741779
15,IBOC,0,0,BEM_DEFAULT_COMMENT,0,34,AB015E4,741788
15,IBOC,0,0,BEM_DEFAULT_COMMENT,0,34,AB015E4,741827
15,IBOC,0,0,BEM_DEFAULT_COMMENT,0,34,AB015E4,741916
15,IBOC,0,0,BEM_DEFAULT_COMMENT,0,34,AB015E4,741930
15,IBOC,0,0,BEM_DEFAULT_COMMENT,0,34,AB015E4,741932
15,IBOC,0,0,BEM_DEFAULT_COMMENT,0,34,AB015E4,741611
15,IBOC,0,0,BEM_DEFAULT_COMMENT,0,34,AB015E4,741760
15,IBOC,0,0,BEM_DEFAULT_COMMENT,0,34,AB015E4,741761
15,IBOC,0,0,BEM_DEFAULT_COMMENT,0,34,AB015E4,741762
15,IBOC,0,0,BEM_DEFAULT_COMMENT,0,34,AB015E4,741739
15,IBOC,0,0,BEM_DEFAULT_COMMENT,0,34,AB015E4,741762
15,IBOC,0,0,BEM_DEFAULT_COMMENT,0,34,AB015E4,741763
15,IBOC,0,0,BEM_DEFAULT_COMMENT,0,34,AB015E4,741801
15,IBOC,0,0,BEM_DEFAULT_COMMENT,0,34,AB015E4,741816
15,IBOC,0,0,BEM_DEFAULT_COMMENT,0,34,AB015E4,741241
15,IBOC,0,0,BEM_DEFAULT_COMMENT,0,34,AB015E4,741931
15,IBOC,0,0,BEM_DEFAULT_COMMENT,0,34,AB015E4,741933
15,IBOC,0,0,BEM_DEFAULT_COMMENT,0,34,AB015E4,741934
15,IBOC,0,0,BEM_DEFAULT_COMMENT,0,34,AB015E4,741935
15,IBOC,0,0,BEM_DEFAULT_COMMENT,0,34,AB015E4,741936
15,IBOC,0,0,BEM_DEFAULT_COMMENT,0,34,AB015E4,741940
15,IBOC,0,0,BEM_DEFAULT_COMMENT,0,34,AB015E4,741955
15,IBOC,0,0,BEM_DEFAULT_COMMENT,0,34,AB015E4,741908
15,IBOC,0,0,BEM_DEFAULT_COMMENT,0,34,AB015E4,741959
15,IBOC,0,0,BEM_DEFAULT_COMMENT,0,34,AB015E4,741283
15,IBOC,0,0,BEM_DEFAULT_COMMENT,0,34,AB015E4,741285
15,IBOC,0,0,BEM_DEFAULT_COMMENT,0,34,AB015E4,741418
15,IBOC,0,0,BEM_DEFAULT_COMMENT,0,34,AB015E4,741418
15,IBOC,0,0,BEM_DEFAULT_COMMENT,0,34,AB015E4,741426
15,IBOC,0,0,BEM_DEFAULT_COMMENT,0,34,AB015E4,741427
15,IBOC,0,0,BEM_DEFAULT_COMMENT,0,34,AB015E4,741427
15,IBOC,0,0,BEM_DEFAULT_COMMENT,0,34,AB015E4,741233
15,IBOC,0,0,BEM_DEFAULT_COMMENT,0,34,AB015E4,741430
15,IBOC,0,0,BEM_DEFAULT_COMMENT,0,34,AB015E4,741893
15,IBOC,0,0,BEM_DEFAULT_COMMENT,0,34,AB015E4,741895
15,IBOC,0,0,BEM_DEFAULT_COMMENT,0,34,AB015E4,741896
15,IBOC,0,0,BEM_DEFAULT_COMMENT,0,34,AB015E4,741611
15,IBOC,0,0,BEM_DEFAULT_COMMENT,0,34,AB015E4,742038
15,IBOC,0,0,BEM_DEFAULT_COMMENT,0,34,AB015E4,741243
15,IBOC,0,0,BEM_DEFAULT_COMMENT,0,34,AB015E4,741679
15,IBOC,0,0,BEM_DEFAULT_COMMENT,0,34,AB015E4,741819
15,IBOC,0,0,BEM_DEFAULT_COMMENT,0,34,AB015E4,741822
15,IBOC,0,0,BEM_DEFAULT_COMMENT,0,34,AB015E4,741612
15,IBOC,0,0,BEM_DEFAULT_COMMENT,0,34,AB015E4,741830
15,IBOC,0,0,BEM_DEFAULT_COMMENT,0,34,AB015E4,741946
15,IBOC,0,0,BEM_DEFAULT_COMMENT,0,34,AB015E4,741800
15,IBOC,0,0,BEM_DEFAULT_COMMENT,0,34,AB015E4,741947
15,IBOC,0,0,BEM_DEFAULT_COMMENT,0,34,AB015E4,741952
15,IBOC,0,0,BEM_DEFAULT_COMMENT,0,34,AB015E4,741885
15,IBOC,0,0,BEM_DEFAULT_COMMENT,0,34,AB015E4,741892
15,IBOC,0,0,BEM_DEFAULT_COMMENT,0,34,AB015E4,741898
15,IBOC,0,0,BEM_DEFAULT_COMMENT,0,34,AB015E4,741964
15,IBOC,0,0,BEM_DEFAULT_COMMENT,0,34,AB015E4,742015
15,IBOC,0,0,BEM_DEFAULT_COMMENT,0,34,AB015E4,742017
15,IBOC,0,0,BEM_DEFAULT_COMMENT,0,34,AB015E4,742021
15,IBOC,0,0,BEM_DEFAULT_COMMENT,0,34,AB015E4,742060
15,IBOC,0,0,BEM_DEFAULT_COMMENT,0,34,AB015E4,742060
15,IBOC,0,0,BEM_DEFAULT_COMMENT,0,34,AB015E4,741241
15,IBOC,0,0,BEM_DEFAULT_COMMENT,0,34,AB015E4,741558
15,IBOC,0,0,BEM_DEFAULT_COMMENT,0,34,AB015E4,741560
15,IBOC,0,0,BEM_DEFAULT_COMMENT,0,34,AB015E4,741584
15,IBOC,0,0,BEM_DEFAULT_COMMENT,0,34,AB015E4,741586
15,IBOC,0,0,BEM_DEFAULT_COMMENT,0,34,AB015E4,741599
15,IBOC,0,0,BEM_DEFAULT_COMMENT,0,34,AB015E4,741604
15,IBOC,0,0,BEM_DEFAULT_COMMENT,0,34,AB015E4,741964
15,IBOC,0,0,BEM_DEFAULT_COMMENT,0,34,AB015E4,741980
15,IBOC,0,0,BEM_DEFAULT_COMMENT,0,34,AB015E4,741984
15,IBOC,0,0,BEM_DEFAULT_COMMENT,0,34,AB015E4,741620
15,IBOC,0,0,BEM_DEFAULT_COMMENT,0,34,AB015E4,741624
15,IBOC,0,0,BEM_DEFAULT_COMMENT,0,34,AB015E4,741624
15,IBOC,0,0,BEM_DEFAULT_COMMENT,0,34,AB015E4,741624
15,IBOC,0,0,BEM_DEFAULT_COMMENT,0,34,AB015E4,741624
15,IBOC,0,0,BEM_DEFAULT_COMMENT,0,34,AB015E4,741624
15,IBOC,0,0,BEM_DEFAULT_COMMENT,0,34,AB015E4,741661
15,IBOC,0,0,BEM_DEFAULT_COMMENT,0,34,AB015E4,741624
15,IBOC,0,0,BEM_DEFAULT_COMMENT,0,34,AB015E4,741668
15,IBOC,0,0,BEM_DEFAULT_COMMENT,0,34,AB015E4,741624
15,IBOC,0,0,BEM_DEFAULT_COMMENT,0,34,AB015E4,741241
15,IBOC,0,0,BEM_DEFAULT_COMMENT,0,34,AB015E4,741618
15,IBOC,0,0,BEM_DEFAULT_COMMENT,0,34,AB015E4,741652
15,IBOC,0,0,BEM_DEFAULT_COMMENT,0,34,AB015E4,741655
15,IBOC,0,0,BEM_DEFAULT_COMMENT,0,34,AB015E4,741657
15,IBOC,0,0,BEM_DEFAULT_COMMENT,0,34,AB015E4,741637
15,IBOC,0,0,BEM_DEFAULT_COMMENT,0,34,AB015E4,741624
15,IBOC,0,0,BEM_DEFAULT_COMMENT,0,34,AB015E4,741666
15,IBOC,0,0,BEM_DEFAULT_COMMENT,0,34,AB015E4,741671
15,IBOC,0,0,BEM_DEFAULT_COMMENT,0,34,AB015E4,741678
15,IBOC,0,0,BEM_DEFAULT_COMMENT,0,34,AB015E4,741677
15,IBOC,0,0,BEM_DEFAULT_COMMENT,0,34,AB015E4,741245
15,IBOC,0,0,BEM_DEFAULT_COMMENT,0,34,AB015E4,741920
15,IBOC,0,0,BEM_DEFAULT_COMMENT,0,34,AB015E4,741988
15,IBOC,0,0,BEM_DEFAULT_COMMENT,0,34,AB015E4,741963
15,IBOC,0,0,BEM_DEFAULT_COMMENT,0,34,AB015E4,741936
15,IBOC,0,0,BEM_DEFAULT_COMMENT,0,34,AB015E4,741702
15,IBOC,0,0,BEM_DEFAULT_COMMENT,0,34,AB015E4,742000
15,IBOC,0,0,BEM_DEFAULT_COMMENT,0,34,AB015E4,741942
15,IBOC,0,0,BEM_DEFAULT_COMMENT,0,34,AB015E4,742016
15,IBOC,0,0,BEM_DEFAULT_COMMENT,0,34,AB015E4,742022
15,IBOC,0,0,BEM_DEFAULT_COMMENT,0,34,AB015E4,742027
15,IBOC,0,0,BEM_DEFAULT_COMMENT,0,34,AB015E4,742038
15,IBOC,0,0,BEM_DEFAULT_COMMENT,0,34,AB015E4,741677
15,IBOC,0,0,BEM_DEFAULT_COMMENT,0,34,AB015E4,741681
15,IBOC,0,0,BEM_DEFAULT_COMMENT,0,34,AB015E4,741743
15,IBOC,0,0,BEM_DEFAULT_COMMENT,0,34,AB015E4,741744
15,IBOC,0,0,BEM_DEFAULT_COMMENT,0,34,AB015E4,741746
15,IBOC,0,0,BEM_DEFAULT_COMMENT,0,34,AB015E4,741749
15,IBOC,0,0,BEM_DEFAULT_COMMENT,0,34,AB015E4,741750
15,IBOC,0,0,BEM_DEFAULT_COMMENT,0,34,AB015E4,741751
15,IBOC,0,0,BEM_DEFAULT_COMMENT,0,34,AB015E4,741762
15,IBOC,0,0,BEM_DEFAULT_COMMENT,0,34,AB015E4,741762
15,IBOC,0,0,BEM_DEFAULT_COMMENT,0,34,AB015E4,741624
15,IBOC,0,0,BEM_DEFAULT_COMMENT,0,34,AB015E4,741258
15,IBOC,0,0,BEM_DEFAULT_COMMENT,0,34,AB015E4,741684
15,IBOC,0,0,BEM_DEFAULT_COMMENT,0,34,AB015E4,741624
15,IBOC,0,0,BEM_DEFAULT_COMMENT,0,34,AB015E4,741687
15,IBOC,0,0,BEM_DEFAULT_COMMENT,0,34,AB015E4,741827
15,IBOC,0,0,BEM_DEFAULT_COMMENT,0,34,AB015E4,741852
15,IBOC,0,0,BEM_DEFAULT_COMMENT,0,34,AB015E4,741992
15,IBOC,0,0,BEM_DEFAULT_COMMENT,0,34,AB015E4,741173
15,IBOC,0,0,BEM_DEFAULT_COMMENT,0,34,AB015E4,741176
15,IBOC,0,0,BEM_DEFAULT_COMMENT,0,34,AB015E4,741177
15,IBOC,0,0,BEM_DEFAULT_COMMENT,0,34,AB015E4,741169
15,IBOC,0,0,BEM_DEFAULT_COMMENT,0,34,AB015E4,741169
15,IBOC,0,0,BEM_DEFAULT_COMMENT,0,34,AB015E4,741176
15,IBOC,0,0,BEM_DEFAULT_COMMENT,0,34,AB015E4,741183
15,IBOC,0,0,BEM_DEFAULT_COMMENT,0,34,AB015E4,741184
15,IBOC,0,0,BEM_DEFAULT_COMMENT,0,34,AB015E4,741213
15,IBOC,0,0,BEM_DEFAULT_COMMENT,0,34,AB015E4,741221
15,IBOC,0,0,BEM_DEFAULT_COMMENT,0,34,AB015E4,741233
15,IBOC,0,0,BEM_DEFAULT_COMMENT,0,34,AB015E4,741233
15,IBOC,0,0,BEM_DEFAULT_COMMENT,0,34,AB015E4,741279
15,IBOC,0,0,BEM_DEFAULT_COMMENT,0,34,AB015E4,741284
15,IBOC,0,0,BEM_DEFAULT_COMMENT,0,34,AB015E4,741288
15,IBOC,0,0,BEM_DEFAULT_COMMENT,0,34,AB015E4,741453
15,IBOC,0,0,BEM_DEFAULT_COMMENT,0,34,AB015E4,741241
15,IBOC,0,0,BEM_DEFAULT_COMMENT,0,34,AB015E4,741571
15,IBOC,0,0,BEM_DEFAULT_COMMENT,0,34,AB015E4,741568
15,IBOC,0,0,BEM_DEFAULT_COMMENT,0,34,AB015E4,741231
15,IBOC,0,0,BEM_DEFAULT_COMMENT,0,34,AB015E4,741266
15,IBOC,0,0,BEM_DEFAULT_COMMENT,0,34,AB015E4,741241
15,IBOC,0,0,BEM_DEFAULT_COMMENT,0,34,AB015E4,741241
15,IBOC,0,0,BEM_DEFAULT_COMMENT,0,34,AB015E4,741566
15,IBOC,0,0,BEM_DEFAULT_COMMENT,0,34,AB015E4,741717
15,IBOC,0,0,BEM_DEFAULT_COMMENT,0,34,AB015E4,741718
15,IBOC,0,0,BEM_DEFAULT_COMMENT,0,34,AB015E4,741719
15,IBOC,0,0,BEM_DEFAULT_COMMENT,0,34,AB015E4,741241
15,IBOC,0,0,BEM_DEFAULT_COMMENT,0,34,AB015E4,741241
15,IBOC,0,0,BEM_DEFAULT_COMMENT,0,34,AB015E4,741543
15,IBOC,0,0,BEM_DEFAULT_COMMENT,0,34,AB015E4,741241
15,IBOC,0,0,BEM_DEFAULT_COMMENT,0,34,AB015E4,741455
15,IBOC,0,0,BEM_DEFAULT_COMMENT,0,34,AB015E4,741545
15,IBOC,0,0,BEM_DEFAULT_COMMENT,0,34,AB015E4,741554
15,IBOC,0,0,BEM_DEFAULT_COMMENT,0,34,AB015E4,741554
15,IBOC,0,0,BEM_DEFAULT_COMMENT,0,34,AB015E4,741702
15,IBOC,0,0,BEM_DEFAULT_COMMENT,0,34,AB015E4,741668
15,IBOC,0,0,BEM_DEFAULT_COMMENT,0,34,AB015E4,741126
15,IBOC,0,0,BEM_DEFAULT_COMMENT,0,34,AB015E4,741128
15,IBOC,0,0,BEM_DEFAULT_COMMENT,0,34,AB015E4,741124
15,IBOC,0,0,BEM_DEFAULT_COMMENT,0,34,AB015E4,741124
15,IBOC,0,0,BEM_DEFAULT_COMMENT,0,34,AB015E4,741134
15,IBOC,0,0,BEM_DEFAULT_COMMENT,0,34,AB015E4,741139
15,IBOC,0,0,BEM_DEFAULT_COMMENT,0,34,AB015E4,741149
15,IBOC,0,0,BEM_DEFAULT_COMMENT,0,34,AB015E4,741136
15,IBOC,0,0,BEM_DEFAULT_COMMENT,0,34,AB015E4,741151
15,IBOC,0,0,BEM_DEFAULT_COMMENT,0,34,AB015E4,741151
15,IBOC,0,0,BEM_DEFAULT_COMMENT,0,34,AB015E4,741158
15,IBOC,0,0,BEM_DEFAULT_COMMENT,0,34,AB015E4,741287
15,IBOC,0,0,BEM_DEFAULT_COMMENT,0,34,AB015E4,741244
15,IBOC,0,0,BEM_DEFAULT_COMMENT,0,34,AB015E4,741350
15,IBOC,0,0,BEM_DEFAULT_COMMENT,0,34,AB015E4,741241
15,IBOC,0,0,BEM_DEFAULT_COMMENT,0,34,AB015E4,741241
15,IBOC,0,0,BEM_DEFAULT_COMMENT,0,34,AB015E4,741241
15,IBOC,0,0,BEM_DEFAULT_COMMENT,0,34,AB015E4,741450
15,IBOC,0,0,BEM_DEFAULT_COMMENT,0,34,AB015E4,741452
15,IBOC,0,0,BEM_DEFAULT_COMMENT,0,34,AB015E4,741241
15,IBOC,0,0,BEM_DEFAULT_COMMENT,0,34,AB015E4,741241
15,IBOC,0,0,BEM_DEFAULT_COMMENT,0,34,AB015E4,741377
15,IBOC,0,0,BEM_DEFAULT_COMMENT,0,34,AB015E4,741241
15,IBOC,0,0,BEM_DEFAULT_COMMENT,0,34,AB015E4,741241
15,IBOC,0,0,BEM_DEFAULT_COMMENT,0,34,AB015E4,741241
15,IBOC,0,0,BEM_DEFAULT_COMMENT,0,34,AB015E4,741241
15,IBOC,0,0,BEM_DEFAULT_COMMENT,0,34,AB015E4,741388
15,IBOC,0,0,BEM_DEFAULT_COMMENT,0,34,AB015E4,741193
15,IBOC,0,0,BEM_DEFAULT_COMMENT,0,34,AB015E4,741198
15,IBOC,0,0,BEM_DEFAULT_COMMENT,0,34,AB015E4,741346
15,IBOC,0,0,BEM_DEFAULT_COMMENT,0,34,AB015E4,741241
15,IBOC,0,0,BEM_DEFAULT_COMMENT,0,34,AB015E4,741477
15,IBOC,0,0,BEM_DEFAULT_COMMENT,0,34,AB015E4,741607
15,IBOC,0,0,BEM_DEFAULT_COMMENT,0,34,AB015E4,741617
15,IBOC,0,0,BEM_DEFAULT_COMMENT,0,34,AB015E4,741619
15,IBOC,0,0,BEM_DEFAULT_COMMENT,0,34,AB015E4,741624
15,IBOC,0,0,BEM_DEFAULT_COMMENT,0,34,AB015E4,741628
15,IBOC,0,0,BEM_DEFAULT_COMMENT,0,34,AB015E4,741157
15,IBOC,0,0,BEM_DEFAULT_COMMENT,0,34,AB015E4,741248
15,IBOC,0,0,BEM_DEFAULT_COMMENT,0,34,AB015E4,741268
15,IBOC,0,0,BEM_DEFAULT_COMMENT,0,34,AB015E4,741269
15,IBOC,0,0,BEM_DEFAULT_COMMENT,0,34,AB015E4,741271
15,IBOC,0,0,BEM_DEFAULT_COMMENT,0,34,AB015E4,741241
15,IBOC,0,0,BEM_DEFAULT_COMMENT,0,34,AB015E4,741452
15,IBOC,0,0,BEM_DEFAULT_COMMENT,0,34,AB015E4,741539
15,IBOC,0,0,BEM_DEFAULT_COMMENT,0,34,AB015E4,741556
15,IBOC,0,0,BEM_DEFAULT_COMMENT,0,34,AB015E4,741556
15,IBOC,0,0,BEM_DEFAULT_COMMENT,0,34,AB015E4,741568
15,IBOC,0,0,BEM_DEFAULT_COMMENT,0,34,AB015E4,741568
15,IBOC,0,0,BEM_DEFAULT_COMMENT,0,34,AB015E4,741597
15,IBOC,0,0,BEM_DEFAULT_COMMENT,0,34,AB015E4,741272
15,IBOC,0,0,BEM_DEFAULT_COMMENT,0,34,AB015E4,741371
15,IBOC,0,0,BEM_DEFAULT_COMMENT,0,34,AB015E4,741372
15,IBOC,0,0,BEM_DEFAULT_COMMENT,0,34,AB015E4,741373
15,IBOC,0,0,BEM_DEFAULT_COMMENT,0,34,AB015E4,741233
15,IBOC,0,0,BEM_DEFAULT_COMMENT,0,34,AB015E4,741376
15,IBOC,0,0,BEM_DEFAULT_COMMENT,0,34,AB015E4,741241
15,IBOC,0,0,BEM_DEFAULT_COMMENT,0,34,AB015E4,741378
15,IBOC,0,0,BEM_DEFAULT_COMMENT,0,34,AB015E4,741379
15,IBOC,0,0,BEM_DEFAULT_COMMENT,0,34,AB015E4,741454
15,IBOC,0,0,BEM_DEFAULT_COMMENT,0,34,AB015E4,741624
15,IBOC,0,0,BEM_DEFAULT_COMMENT,0,34,AB015E4,741624
15,IBOC,0,0,BEM_DEFAULT_COMMENT,0,34,AB015E4,741624
15,IBOC,0,0,BEM_DEFAULT_COMMENT,0,34,AB015E4,741624
15,IBOC,0,0,BEM_DEFAULT_COMMENT,0,34,AB015E4,741624
15,IBOC,0,0,BEM_DEFAULT_COMMENT,0,34,AB015E4,741692
15,IBOC,0,0,BEM_DEFAULT_COMMENT,0,34,AB015E4,741693
15,IBOC,0,0,BEM_DEFAULT_COMMENT,0,34,AB015E4,741696
15,IBOC,0,0,BEM_DEFAULT_COMMENT,0,34,AB015E4,741219
15,IBOC,0,0,BEM_DEFAULT_COMMENT,0,34,AB015E4,741223
15,IBOC,0,0,BEM_DEFAULT_COMMENT,0,34,AB015E4,741231
15,IBOC,0,0,BEM_DEFAULT_COMMENT,0,34,AB015E4,741241
15,IBOC,0,0,BEM_DEFAULT_COMMENT,0,34,AB015E4,741241
15,IBOC,0,0,BEM_DEFAULT_COMMENT,0,34,AB015E4,741241
15,IBOC,0,0,BEM_DEFAULT_COMMENT,0,34,AB015E4,741110
15,IBOC,0,0,BEM_DEFAULT_COMMENT,0,34,AB015E4,741241
15,IBOC,0,0,BEM_DEFAULT_COMMENT,0,34,AB015E4,741241
15,IBOC,0,0,BEM_DEFAULT_COMMENT,0,34,AB015E4,741452
15,IBOC,0,0,BEM_DEFAULT_COMMENT,0,34,AB015E4,741241
15,IBOC,0,0,BEM_DEFAULT_COMMENT,0,34,AB015E4,741561
15,IBOC,0,0,BEM_DEFAULT_COMMENT,0,34,AB015E4,741382
15,IBOC,0,0,BEM_DEFAULT_COMMENT,0,34,AB015E4,741383
15,IBOC,0,0,BEM_DEFAULT_COMMENT,0,34,AB015E4,741389
15,IBOC,0,0,BEM_DEFAULT_COMMENT,0,34,AB015E4,741400
15,IBOC,0,0,BEM_DEFAULT_COMMENT,0,34,AB015E4,741402
15,IBOC,0,0,BEM_DEFAULT_COMMENT,0,34,AB015E4,741355
15,IBOC,0,0,BEM_DEFAULT_COMMENT,0,34,AB015E4,741404
15,IBOC,0,0,BEM_DEFAULT_COMMENT,0,34,AB015E4,741557
15,IBOC,0,0,BEM_DEFAULT_COMMENT,0,34,AB015E4,741233
15,IBOC,0,0,BEM_DEFAULT_COMMENT,0,34,AB015E4,741162
15,IBOC,0,0,BEM_DEFAULT_COMMENT,0,34,AB015E4,741164
15,IBOC,0,0,BEM_DEFAULT_COMMENT,0,34,AB015E4,741346
15,IBOC,0,0,BEM_DEFAULT_COMMENT,0,34,AB015E4,741564
15,IBOC,0,0,BEM_DEFAULT_COMMENT,0,34,AB015E4,741565
15,IBOC,0,0,BEM_DEFAULT_COMMENT,0,34,AB015E4,741568
15,IBOC,0,0,BEM_DEFAULT_COMMENT,0,34,AB015E4,741570
15,IBOC,0,0,BEM_DEFAULT_COMMENT,0,34,AB015E4,741568
15,IBOC,0,0,BEM_DEFAULT_COMMENT,0,34,AB015E4,741697
15,IBOC,0,0,BEM_DEFAULT_COMMENT,0,34,AB015E4,741700
15,IBOC,0,0,BEM_DEFAULT_COMMENT,0,34,AB015E4,741241
15,IBOC,0,0,BEM_DEFAULT_COMMENT,0,34,AB015E4,741241
15,IBOC,0,0,BEM_DEFAULT_COMMENT,0,34,AB015E4,741241
15,IBOC,0,0,BEM_DEFAULT_COMMENT,0,34,AB015E4,741241
15,IBOC,0,0,BEM_DEFAULT_COMMENT,0,34,AB015E4,741241
15,IBOC,0,0,BEM_DEFAULT_COMMENT,0,34,AB015E4,741418
15,IBOC,0,0,BEM_DEFAULT_COMMENT,0,34,AB015E4,741420
15,IBOC,0,0,BEM_DEFAULT_COMMENT,0,34,AB015E4,741425
15,IBOC,0,0,BEM_DEFAULT_COMMENT,0,34,AB015E4,741187
15,IBOC,0,0,BEM_DEFAULT_COMMENT,0,34,AB015E4,741202
15,IBOC,0,0,BEM_DEFAULT_COMMENT,0,34,AB015E4,741207
15,IBOC,0,0,BEM_DEFAULT_COMMENT,0,34,AB015E4,741255
15,IBOC,0,0,BEM_DEFAULT_COMMENT,0,34,AB015E4,741562
15,IBOC,0,0,BEM_DEFAULT_COMMENT,0,34,AB015E4,741258
15,IBOC,0,0,BEM_DEFAULT_COMMENT,0,34,AB015E4,741258
15,IBOC,0,0,BEM_DEFAULT_COMMENT,0,34,AB015E4,741568
15,IBOC,0,0,BEM_DEFAULT_COMMENT,0,34,AB015E4,741601
15,IBOC,0,0,BEM_DEFAULT_COMMENT,0,34,AB015E4,741606
15,IBOC,0,0,BEM_DEFAULT_COMMENT,0,34,AB015E4,741627
15,IBOC,0,0,BEM_DEFAULT_COMMENT,0,34,AB015E4,741624
15,IBOC,0,0,BEM_DEFAULT_COMMENT,0,34,AB015E4,741125
15,IBOC,0,0,BEM_DEFAULT_COMMENT,0,34,AB015E4,741127
15,IBOC,0,0,BEM_DEFAULT_COMMENT,0,34,AB015E4,741241
15,IBOC,0,0,BEM_DEFAULT_COMMENT,0,34,AB015E4,741375
15,IBOC,0,0,BEM_DEFAULT_COMMENT,0,34,AB015E4,741241
15,IBOC,0,0,BEM_DEFAULT_COMMENT,0,34,AB015E4,741361
15,IBOC,0,0,BEM_DEFAULT_COMMENT,0,34,AB015E4,741241
15,IBOC,0,0,BEM_DEFAULT_COMMENT,0,34,AB015E4,742473
15,IBOC,0,0,BEM_DEFAULT_COMMENT,0,34,AB015E4,742473
15,IBOC,0,0,BEM_DEFAULT_COMMENT,0,34,AB015E4,742529
15,IBOC,0,0,BEM_DEFAULT_COMMENT,0,34,AB015E4,742139
15,IBOC,0,0,BEM_DEFAULT_COMMENT,0,34,AB015E4,742139
15,IBOC,0,0,BEM_DEFAULT_COMMENT,0,34,AB015E4,742613
15,IBOC,0,0,BEM_DEFAULT_COMMENT,0,34,AB015E4,742615
15,IBOC,0,0,BEM_DEFAULT_COMMENT,0,34,AB015E4,742665
15,IBOC,0,0,BEM_DEFAULT_COMMENT,0,34,AB015E4,742674
15,IBOC,0,0,BEM_DEFAULT_COMMENT,0,34,AB015E4,742074
15,IBOC,0,0,BEM_DEFAULT_COMMENT,0,34,AB015E4,742080
15,IBOC,0,0,BEM_DEFAULT_COMMENT,0,34,AB015E4,742060
15,IBOC,0,0,BEM_DEFAULT_COMMENT,0,34,AB015E4,742073
15,IBOC,0,0,BEM_DEFAULT_COMMENT,0,34,AB015E4,742743
15,IBOC,0,0,BEM_DEFAULT_COMMENT,0,34,AB015E4,741699
15,IBOC,0,0,BEM_DEFAULT_COMMENT,0,34,AB015E4,741725
15,IBOC,0,0,BEM_DEFAULT_COMMENT,0,34,AB015E4,742637
15,IBOC,0,0,BEM_DEFAULT_COMMENT,0,34,AB015E4,742773
15,IBOC,0,0,BEM_DEFAULT_COMMENT,0,34,AB015E4,742774
15,IBOC,0,0,BEM_DEFAULT_COMMENT,0,34,AB015E4,742660
15,IBOC,0,0,BEM_DEFAULT_COMMENT,0,34,AB015E4,742660
15,IBOC,0,0,BEM_DEFAULT_COMMENT,0,34,AB015E4,741233
15,IBOC,0,0,BEM_DEFAULT_COMMENT,0,34,AB015E4,742676
15,IBOC,0,0,BEM_DEFAULT_COMMENT,0,34,AB015E4,742660
15,IBOC,0,0,BEM_DEFAULT_COMMENT,0,34,AB015E4,742676
15,IBOC,0,0,BEM_DEFAULT_COMMENT,0,34,AB015E4,742660
15,IBOC,0,0,BEM_DEFAULT_COMMENT,0,34,AB015E4,742682
15,IBOC,0,0,BEM_DEFAULT_COMMENT,0,34,AB015E4,742683
15,IBOC,0,0,BEM_DEFAULT_COMMENT,0,34,AB015E4,742417
15,IBOC,0,0,BEM_DEFAULT_COMMENT,0,34,AB015E4,742421
15,IBOC,0,0,BEM_DEFAULT_COMMENT,0,34,AB015E4,742424
15,IBOC,0,0,BEM_DEFAULT_COMMENT,0,34,AB015E4,742425
15,IBOC,0,0,BEM_DEFAULT_COMMENT,0,34,AB015E4,742429
15,IBOC,0,0,BEM_DEFAULT_COMMENT,0,34,AB015E4,742430
15,IBOC,0,0,BEM_DEFAULT_COMMENT,0,34,AB015E4,742432
15,IBOC,0,0,BEM_DEFAULT_COMMENT,0,34,AB015E4,742434
15,IBOC,0,0,BEM_DEFAULT_COMMENT,0,34,AB015E4,742560
15,IBOC,0,0,BEM_DEFAULT_COMMENT,0,34,AB015E4,742596
15,IBOC,0,0,BEM_DEFAULT_COMMENT,0,34,AB015E4,742503
15,IBOC,0,0,BEM_DEFAULT_COMMENT,0,34,AB015E4,742684
15,IBOC,0,0,BEM_DEFAULT_COMMENT,0,34,AB015E4,742560
15,IBOC,0,0,BEM_DEFAULT_COMMENT,0,34,AB015E4,742261
15,IBOC,0,0,BEM_DEFAULT_COMMENT,0,34,AB015E4,742691
15,IBOC,0,0,BEM_DEFAULT_COMMENT,0,34,AB015E4,742692
15,IBOC,0,0,BEM_DEFAULT_COMMENT,0,34,AB015E4,742693
15,IBOC,0,0,BEM_DEFAULT_COMMENT,0,34,AB015E4,742694
15,IBOC,0,0,BEM_DEFAULT_COMMENT,0,34,AB015E4,742695
15,IBOC,0,0,BEM_DEFAULT_COMMENT,0,34,AB015E4,742699
15,IBOC,0,0,BEM_DEFAULT_COMMENT,0,34,AB015E4,742700
15,IBOC,0,0,BEM_DEFAULT_COMMENT,0,34,AB015E4,742701
15,IBOC,0,0,BEM_DEFAULT_COMMENT,0,34,AB015E4,742706
15,IBOC,0,0,BEM_DEFAULT_COMMENT,0,34,AB015E4,742579
15,IBOC,0,0,BEM_DEFAULT_COMMENT,0,34,AB015E4,742560
15,IBOC,0,0,BEM_DEFAULT_COMMENT,0,34,AB015E4,742547
15,IBOC,0,0,BEM_DEFAULT_COMMENT,0,34,AB015E4,742581
15,IBOC,0,0,BEM_DEFAULT_COMMENT,0,34,AB015E4,742800
15,IBOC,0,0,BEM_DEFAULT_COMMENT,0,34,AB015E4,742857
15,IBOC,0,0,BEM_DEFAULT_COMMENT,0,34,AB015E4,742896
15,IBOC,0,0,BEM_DEFAULT_COMMENT,0,34,AB015E4,742897
15,IBOC,0,0,BEM_DEFAULT_COMMENT,0,34,AB015E4,741700
15,IBOC,0,0,BEM_DEFAULT_COMMENT,0,34,AB015E4,742743
15,IBOC,0,0,BEM_DEFAULT_COMMENT,0,34,AB015E4,741231
15,IBOC,0,0,BEM_DEFAULT_COMMENT,0,34,AB015E4,742424
15,IBOC,0,0,BEM_DEFAULT_COMMENT,0,34,AB015E4,742425
15,IBOC,0,0,BEM_DEFAULT_COMMENT,0,34,AB015E4,742425
15,IBOC,0,0,BEM_DEFAULT_COMMENT,0,34,AB015E4,741155
15,IBOC,0,0,BEM_DEFAULT_COMMENT,0,34,AB015E4,741404
15,IBOC,0,0,BEM_DEFAULT_COMMENT,0,34,AB015E4,742437
15,IBOC,0,0,BEM_DEFAULT_COMMENT,0,34,AB015E4,741725
15,IBOC,0,0,BEM_DEFAULT_COMMENT,0,34,AB015E4,741233
15,IBOC,0,0,BEM_DEFAULT_COMMENT,0,34,AB015E4,741233
15,IBOC,0,0,BEM_DEFAULT_COMMENT,0,34,AB015E4,742452
15,IBOC,0,0,BEM_DEFAULT_COMMENT,0,34,AB015E4,742452
15,IBOC,0,0,BEM_DEFAULT_COMMENT,0,34,AB015E4,742569
15,IBOC,0,0,BEM_DEFAULT_COMMENT,0,34,AB015E4,742404
15,IBOC,0,0,BEM_DEFAULT_COMMENT,0,34,AB015E4,742404
15,IBOC,0,0,BEM_DEFAULT_COMMENT,0,34,AB015E4,742444
15,IBOC,0,0,BEM_DEFAULT_COMMENT,0,34,AB015E4,742435
15,IBOC,0,0,BEM_DEFAULT_COMMENT,0,34,AB015E4,742451
15,IBOC,0,0,BEM_DEFAULT_COMMENT,0,34,AB015E4,742139
15,IBOC,0,0,BEM_DEFAULT_COMMENT,0,34,AB015E4,742512
15,IBOC,0,0,BEM_DEFAULT_COMMENT,0,34,AB015E4,742139
15,IBOC,0,0,BEM_DEFAULT_COMMENT,0,34,AB015E4,742707
15,IBOC,0,0,BEM_DEFAULT_COMMENT,0,34,AB015E4,742708
15,IBOC,0,0,BEM_DEFAULT_COMMENT,0,34,AB015E4,742709
15,IBOC,0,0,BEM_DEFAULT_COMMENT,0,34,AB015E4,742322
15,IBOC,0,0,BEM_DEFAULT_COMMENT,0,34,AB015E4,742472
15,IBOC,0,0,BEM_DEFAULT_COMMENT,0,34,AB015E4,742739
15,IBOC,0,0,BEM_DEFAULT_COMMENT,0,34,AB015E4,742743
15,IBOC,0,0,BEM_DEFAULT_COMMENT,0,34,AB015E4,742743
15,IBOC,0,0,BEM_DEFAULT_COMMENT,0,34,AB015E4,742743
15,IBOC,0,0,BEM_DEFAULT_COMMENT,0,34,AB015E4,742759
15,IBOC,0,0,BEM_DEFAULT_COMMENT,0,34,AB015E4,742769
15,IBOC,0,0,BEM_DEFAULT_COMMENT,0,34,AB015E4,742770
15,IBOC,0,0,BEM_DEFAULT_COMMENT,0,34,AB015E4,742283
15,IBOC,0,0,BEM_DEFAULT_COMMENT,0,34,AB015E4,742287
15,IBOC,0,0,BEM_DEFAULT_COMMENT,0,34,AB015E4,742376
15,IBOC,0,0,BEM_DEFAULT_COMMENT,0,34,AB015E4,742432
15,IBOC,0,0,BEM_DEFAULT_COMMENT,0,34,AB015E4,1428571
15,IBOC,0,0,BEM_DEFAULT_COMMENT,0,34,AB015E4,742478
15,IBOC,0,0,BEM_DEFAULT_COMMENT,0,34,AB015E4,742480
15,IBOC,0,0,BEM_DEFAULT_COMMENT,0,34,AB015E4,742486
15,IBOC,0,0,BEM_DEFAULT_COMMENT,0,34,AB015E4,742487
15,IBOC,0,0,BEM_DEFAULT_COMMENT,0,34,AB015E4,742492
15,IBOC,0,0,BEM_DEFAULT_COMMENT,0,34,AB015E4,741233
15,IBOC,0,0,BEM_DEFAULT_COMMENT,0,34,AB015E4,742495
15,IBOC,0,0,BEM_DEFAULT_COMMENT,0,34,AB015E4,742497
15,IBOC,0,0,BEM_DEFAULT_COMMENT,0,34,AB015E4,742432
15,IBOC,0,0,BEM_DEFAULT_COMMENT,0,34,AB015E4,742750
15,IBOC,0,0,BEM_DEFAULT_COMMENT,0,34,AB015E4,742375
15,IBOC,0,0,BEM_DEFAULT_COMMENT,0,34,AB015E4,742771
15,IBOC,0,0,BEM_DEFAULT_COMMENT,0,34,AB015E4,742831
15,IBOC,0,0,BEM_DEFAULT_COMMENT,0,34,AB015E4,742743
15,IBOC,0,0,BEM_DEFAULT_COMMENT,0,34,AB015E4,742835
15,IBOC,0,0,BEM_DEFAULT_COMMENT,0,34,AB015E4,742582
15,IBOC,0,0,BEM_DEFAULT_COMMENT,0,34,AB015E4,742630
15,IBOC,0,0,BEM_DEFAULT_COMMENT,0,34,AB015E4,742933
15,IBOC,0,0,BEM_DEFAULT_COMMENT,0,34,AB015E4,742120
15,IBOC,0,0,BEM_DEFAULT_COMMENT,0,34,AB015E4,742743
15,IBOC,0,0,BEM_DEFAULT_COMMENT,0,34,AB015E4,742743
15,IBOC,0,0,BEM_DEFAULT_COMMENT,0,34,AB015E4,742743
15,IBOC,0,0,BEM_DEFAULT_COMMENT,0,34,AB015E4,742743
15,IBOC,0,0,BEM_DEFAULT_COMMENT,0,34,AB015E4,742803
15,IBOC,0,0,BEM_DEFAULT_COMMENT,0,34,AB015E4,742803
15,IBOC,0,0,BEM_DEFAULT_COMMENT,0,34,AB015E4,742803
15,IBOC,0,0,BEM_DEFAULT_COMMENT,0,34,AB015E4,742803
15,IBOC,0,0,BEM_DEFAULT_COMMENT,0,34,AB015E4,742804
15,IBOC,0,0,BEM_DEFAULT_COMMENT,0,34,AB015E4,742807
15,IBOC,0,0,BEM_DEFAULT_COMMENT,0,34,AB015E4,742808
15,IBOC,0,0,BEM_DEFAULT_COMMENT,0,34,AB015E4,742814
15,IBOC,0,0,BEM_DEFAULT_COMMENT,0,34,AB015E4,742816
15,IBOC,0,0,BEM_DEFAULT_COMMENT,0,34,AB015E4,742555
15,IBOC,0,0,BEM_DEFAULT_COMMENT,0,34,AB015E4,742820
15,IBOC,0,0,BEM_DEFAULT_COMMENT,0,34,AB015E4,742425
15,IBOC,0,0,BEM_DEFAULT_COMMENT,0,34,AB015E4,742426
15,IBOC,0,0,BEM_DEFAULT_COMMENT,0,34,AB015E4,742427
15,IBOC,0,0,BEM_DEFAULT_COMMENT,0,34,AB015E4,742427
15,IBOC,0,0,BEM_DEFAULT_COMMENT,0,34,AB015E4,742443
15,IBOC,0,0,BEM_DEFAULT_COMMENT,0,34,AB015E4,742743
15,IBOC,0,0,BEM_DEFAULT_COMMENT,0,34,AB015E4,742847
15,IBOC,0,0,BEM_DEFAULT_COMMENT,0,34,AB015E4,742743
15,IBOC,0,0,BEM_DEFAULT_COMMENT,0,34,AB015E4,742751
15,IBOC,0,0,BEM_DEFAULT_COMMENT,0,34,AB015E4,742743
15,IBOC,0,0,BEM_DEFAULT_COMMENT,0,34,AB015E4,742743
15,IBOC,0,0,BEM_DEFAULT_COMMENT,0,34,AB015E4,742743
15,IBOC,0,0,BEM_DEFAULT_COMMENT,0,34,AB015E4,742390
15,IBOC,0,0,BEM_DEFAULT_COMMENT,0,34,AB015E4,742070
15,IBOC,0,0,BEM_DEFAULT_COMMENT,0,34,AB015E4,742677
15,IBOC,0,0,BEM_DEFAULT_COMMENT,0,34,AB015E4,742676
15,IBOC,0,0,BEM_DEFAULT_COMMENT,0,34,AB015E4,742676
15,IBOC,0,0,BEM_DEFAULT_COMMENT,0,34,AB015E4,742678
15,IBOC,0,0,BEM_DEFAULT_COMMENT,0,34,AB015E4,742676
15,IBOC,0,0,BEM_DEFAULT_COMMENT,0,34,AB015E4,742681
15,IBOC,0,0,BEM_DEFAULT_COMMENT,0,34,AB015E4,741233
15,IBOC,0,0,BEM_DEFAULT_COMMENT,0,34,AB015E4,742560
15,IBOC,0,0,BEM_DEFAULT_COMMENT,0,34,AB015E4,742686
15,IBOC,0,0,BEM_DEFAULT_COMMENT,0,34,AB015E4,742560
15,IBOC,0,0,BEM_DEFAULT_COMMENT,0,34,AB015E4,742549
15,IBOC,0,0,BEM_DEFAULT_COMMENT,0,34,AB015E4,742554
15,IBOC,0,0,BEM_DEFAULT_COMMENT,0,34,AB015E4,742738
15,IBOC,0,0,BEM_DEFAULT_COMMENT,0,34,AB015E4,742824
15,IBOC,0,0,BEM_DEFAULT_COMMENT,0,34,AB015E4,742825
15,IBOC,0,0,BEM_DEFAULT_COMMENT,0,34,AB015E4,742830
15,IBOC,0,0,BEM_DEFAULT_COMMENT,0,34,AB015E4,742859
15,IBOC,0,0,BEM_DEFAULT_COMMENT,0,34,AB015E4,742275
15,IBOC,0,0,BEM_DEFAULT_COMMENT,0,34,AB015E4,742648
15,IBOC,0,0,BEM_DEFAULT_COMMENT,0,34,AB015E4,742722
15,IBOC,0,0,BEM_DEFAULT_COMMENT,0,34,AB015E4,742723
15,IBOC,0,0,BEM_DEFAULT_COMMENT,0,34,AB015E4,742725
15,IBOC,0,0,BEM_DEFAULT_COMMENT,0,34,AB015E4,742776
15,IBOC,0,0,BEM_DEFAULT_COMMENT,0,34,AB015E4,742781
15,IBOC,0,0,BEM_DEFAULT_COMMENT,0,34,AB015E4,742796
15,IBOC,0,0,BEM_DEFAULT_COMMENT,0,34,AB015E4,742919
15,IBOC,0,0,BEM_DEFAULT_COMMENT,0,34,AB015E4,742424
15,IBOC,0,0,BEM_DEFAULT_COMMENT,0,34,AB015E4,742425
15,IBOC,0,0,BEM_DEFAULT_COMMENT,0,34,AB015E4,742425
15,IBOC,0,0,BEM_DEFAULT_COMMENT,0,34,AB015E4,742427
15,IBOC,0,0,BEM_DEFAULT_COMMENT,0,34,AB015E4,742427
15,IBOC,0,0,BEM_DEFAULT_COMMENT,0,34,AB015E4,742560
15,IBOC,0,0,BEM_DEFAULT_COMMENT,0,34,AB015E4,742396
15,IBOC,0,0,BEM_DEFAULT_COMMENT,0,34,AB015E4,742528
15,IBOC,0,0,BEM_DEFAULT_COMMENT,0,34,AB015E4,742521
15,IBOC,0,0,BEM_DEFAULT_COMMENT,0,34,AB015E4,742558
15,IBOC,0,0,BEM_DEFAULT_COMMENT,0,34,AB015E4,742559
15,IBOC,0,0,BEM_DEFAULT_COMMENT,0,34,AB015E4,742558
15,IBOC,0,0,BEM_DEFAULT_COMMENT,0,34,AB015E4,742558
15,IBOC,0,0,BEM_DEFAULT_COMMENT,0,34,AB015E4,742558
15,IBOC,0,0,BEM_DEFAULT_COMMENT,0,34,AB015E4,742526
15,IBOC,0,0,BEM_DEFAULT_COMMENT,0,34,AB015E4,742555
15,IBOC,0,0,BEM_DEFAULT_COMMENT,0,34,AB015E4,742558
15,IBOC,0,0,BEM_DEFAULT_COMMENT,0,34,AB015E4,742564
15,IBOC,0,0,BEM_DEFAULT_COMMENT,0,34,AB015E4,742555
15,IBOC,0,0,BEM_DEFAULT_COMMENT,0,34,AB015E4,742569
15,IBOC,0,0,BEM_DEFAULT_COMMENT,0,34,AB015E4,742794
15,IBOC,0,0,BEM_DEFAULT_COMMENT,0,34,AB015E4,742560
15,IBOC,0,0,BEM_DEFAULT_COMMENT,0,34,AB015E4,742560
15,IBOC,0,0,BEM_DEFAULT_COMMENT,0,34,AB015E4,742560
15,IBOC,0,0,BEM_DEFAULT_COMMENT,0,34,AB015E4,742547
15,IBOC,0,0,BEM_DEFAULT_COMMENT,0,34,AB015E4,742560
15,IBOC,0,0,BEM_DEFAULT_COMMENT,0,34,AB015E4,742560
15,IBOC,0,0,BEM_DEFAULT_COMMENT,0,34,AB015E4,742560
15,IBOC,0,0,BEM_DEFAULT_COMMENT,0,34,AB015E4,742547
15,IBOC,0,0,BEM_DEFAULT_COMMENT,0,34,AB015E4,742139
15,IBOC,0,0,BEM_DEFAULT_COMMENT,0,34,AB015E4,742521
15,IBOC,0,0,BEM_DEFAULT_COMMENT,0,34,AB015E4,742560
15,IBOC,0,0,BEM_DEFAULT_COMMENT,0,34,AB015E4,742560
15,IBOC,0,0,BEM_DEFAULT_COMMENT,0,34,AB015E4,742560
15,IBOC,0,0,BEM_DEFAULT_COMMENT,0,34,AB015E4,742576
15,IBOC,0,0,BEM_DEFAULT_COMMENT,0,34,AB015E4,742515
15,IBOC,0,0,BEM_DEFAULT_COMMENT,0,34,AB015E4,742608
15,IBOC,0,0,BEM_DEFAULT_COMMENT,0,34,AB015E4,742618
15,IBOC,0,0,BEM_DEFAULT_COMMENT,0,34,AB015E4,742618
15,IBOC,0,0,BEM_DEFAULT_COMMENT,0,34,AB015E4,742608
15,IBOC,0,0,BEM_DEFAULT_COMMENT,0,34,AB015E4,742721
15,IBOC,0,0,BEM_DEFAULT_COMMENT,0,34,AB015E4,742724
15,IBOC,0,0,BEM_DEFAULT_COMMENT,0,34,AB015E4,742727
15,IBOC,0,0,BEM_DEFAULT_COMMENT,0,34,AB015E4,742391
15,IBOC,0,0,BEM_DEFAULT_COMMENT,0,34,AB015E4,742389
15,IBOC,0,0,BEM_DEFAULT_COMMENT,0,34,AB015E4,742398
15,IBOC,0,0,BEM_DEFAULT_COMMENT,0,34,AB015E4,742452
15,IBOC,0,0,BEM_DEFAULT_COMMENT,0,34,AB015E4,742504
15,IBOC,0,0,BEM_DEFAULT_COMMENT,0,34,AB015E4,742508
15,IBOC,0,0,BEM_DEFAULT_COMMENT,0,34,AB015E4,742743
15,IBOC,0,0,BEM_DEFAULT_COMMENT,0,34,AB015E4,742210
15,IBOC,0,0,BEM_DEFAULT_COMMENT,0,34,AB015E4,742210
15,IBOC,0,0,BEM_DEFAULT_COMMENT,0,34,AB015E4,742252
15,IBOC,0,0,BEM_DEFAULT_COMMENT,0,34,AB015E4,742112
15,IBOC,0,0,BEM_DEFAULT_COMMENT,0,34,AB015E4,742743
15,IBOC,0,0,BEM_DEFAULT_COMMENT,0,34,AB015E4,742743
15,IBOC,0,0,BEM_DEFAULT_COMMENT,0,34,AB015E4,742743
15,IBOC,0,0,BEM_DEFAULT_COMMENT,0,34,AB015E4,742894
15,IBOC,0,0,BEM_DEFAULT_COMMENT,0,34,AB015E4,742377
15,IBOC,0,0,BEM_DEFAULT_COMMENT,0,34,AB015E4,742708
15,IBOC,0,0,BEM_DEFAULT_COMMENT,0,34,AB015E4,742709
15,IBOC,0,0,BEM_DEFAULT_COMMENT,0,34,AB015E4,742729
15,IBOC,0,0,BEM_DEFAULT_COMMENT,0,34,AB015E4,742732
15,IBOC,0,0,BEM_DEFAULT_COMMENT,0,34,AB015E4,742560
15,IBOC,0,0,BEM_DEFAULT_COMMENT,0,34,AB015E4,742899
15,IBOC,0,0,BEM_DEFAULT_COMMENT,0,34,AB015E4,742900
15,IBOC,0,0,BEM_DEFAULT_COMMENT,0,34,AB015E4,742901
15,IBOC,0,0,BEM_DEFAULT_COMMENT,0,34,AB015E4,741671
15,IBOC,0,0,BEM_DEFAULT_COMMENT,0,34,AB015E4,742271
15,IBOC,0,0,BEM_DEFAULT_COMMENT,0,34,AB015E4,742408
15,IBOC,0,0,BEM_DEFAULT_COMMENT,0,34,AB015E4,742142
15,IBOC,0,0,BEM_DEFAULT_COMMENT,0,34,AB015E4,742474
15,IBOC,0,0,BEM_DEFAULT_COMMENT,0,34,AB015E4,742475
15,IBOC,0,0,BEM_DEFAULT_COMMENT,0,34,AB015E4,742476
15,IBOC,0,0,BEM_DEFAULT_COMMENT,0,34,AB015E4,742480
15,IBOC,0,0,BEM_DEFAULT_COMMENT,0,34,AB015E4,742481
15,IBOC,0,0,BEM_DEFAULT_COMMENT,0,34,AB015E4,742487
15,IBOC,0,0,BEM_DEFAULT_COMMENT,0,34,AB015E4,742488
15,IBOC,0,0,BEM_DEFAULT_COMMENT,0,34,AB015E4,742490
15,IBOC,0,0,BEM_DEFAULT_COMMENT,0,34,AB015E4,742572
15,IBOC,0,0,BEM_DEFAULT_COMMENT,0,34,AB015E4,742560
15,IBOC,0,0,BEM_DEFAULT_COMMENT,0,34,AB015E4,742555
15,IBOC,0,0,BEM_DEFAULT_COMMENT,0,34,AB015E4,741241
15,IBOC,0,0,BEM_DEFAULT_COMMENT,0,34,AB015E4,742076
15,IBOC,0,0,BEM_DEFAULT_COMMENT,0,34,AB015E4,742076
15,IBOC,0,0,BEM_DEFAULT_COMMENT,0,34,AB015E4,742192
15,IBOC,0,0,BEM_DEFAULT_COMMENT,0,34,AB015E4,742260
15,IBOC,0,0,BEM_DEFAULT_COMMENT,0,34,AB015E4,742262
15,IBOC,0,0,BEM_DEFAULT_COMMENT,0,34,AB015E4,742452
15,IBOC,0,0,BEM_DEFAULT_COMMENT,0,34,AB015E4,742506
15,IBOC,0,0,BEM_DEFAULT_COMMENT,0,34,AB015E4,742509
15,IBOC,0,0,BEM_DEFAULT_COMMENT,0,34,AB015E4,742560
15,IBOC,0,0,BEM_DEFAULT_COMMENT,0,34,AB015E4,742147
15,IBOC,0,0,BEM_DEFAULT_COMMENT,0,34,AB015E4,742201
15,IBOC,0,0,BEM_DEFAULT_COMMENT,0,34,AB015E4,742595
15,IBOC,0,0,BEM_DEFAULT_COMMENT,0,34,AB015E4,742618
15,IBOC,0,0,BEM_DEFAULT_COMMENT,0,34,AB015E4,742629
15,IBOC,0,0,BEM_DEFAULT_COMMENT,0,34,AB015E4,742641
15,IBOC,0,0,BEM_DEFAULT_COMMENT,0,34,AB015E4,742742
15,IBOC,0,0,BEM_DEFAULT_COMMENT,0,34,AB015E4,742743
15,IBOC,0,0,BEM_DEFAULT_COMMENT,0,34,AB015E4,742745
15,IBOC,0,0,BEM_DEFAULT_COMMENT,0,34,AB015E4,742191
15,IBOC,0,0,BEM_DEFAULT_COMMENT,0,34,AB015E4,741891
15,IBOC,0,0,BEM_DEFAULT_COMMENT,0,34,AB015E4,741078
15,IBOC,0,0,BEM_DEFAULT_COMMENT,0,34,AB015E4,742485
15,IBOC,0,0,BEM_DEFAULT_COMMENT,0,34,AB015E4,742493
15,IBOC,0,0,BEM_DEFAULT_COMMENT,0,34,AB015E4,741233
15,IBOC,0,0,BEM_DEFAULT_COMMENT,0,34,AB015E4,741233
15,IBOC,0,0,BEM_DEFAULT_COMMENT,0,34,AB015E4,741233
15,IBOC,0,0,BEM_DEFAULT_COMMENT,0,34,AB015E4,742452
15,IBOC,0,0,BEM_DEFAULT_COMMENT,0,34,AB015E4,742452
15,IBOC,0,0,BEM_DEFAULT_COMMENT,0,34,AB015E4,742502
15,IBOC,0,0,BEM_DEFAULT_COMMENT,0,34,AB015E4,742502
15,IBOC,0,0,BEM_DEFAULT_COMMENT,0,34,AB015E4,742216
15,IBOC,0,0,BEM_DEFAULT_COMMENT,0,34,AB015E4,742217
15,IBOC,0,0,BEM_DEFAULT_COMMENT,0,34,AB015E4,742120
15,IBOC,0,0,BEM_DEFAULT_COMMENT,0,34,AB015E4,742228
15,IBOC,0,0,BEM_DEFAULT_COMMENT,0,34,AB015E4,742253
15,IBOC,0,0,BEM_DEFAULT_COMMENT,0,34,AB015E4,741725
15,IBOC,0,0,BEM_DEFAULT_COMMENT,0,34,AB015E4,742584
15,IBOC,0,0,BEM_DEFAULT_COMMENT,0,34,AB015E4,742587
15,IBOC,0,0,BEM_DEFAULT_COMMENT,0,34,AB015E4,742596
15,IBOC,0,0,BEM_DEFAULT_COMMENT,0,34,AB015E4,742608
15,IBOC,0,0,BEM_DEFAULT_COMMENT,0,34,AB015E4,742743
15,IBOC,0,0,BEM_DEFAULT_COMMENT,0,34,AB015E4,742768
15,IBOC,0,0,BEM_DEFAULT_COMMENT,0,34,AB015E4,742893
15,IBOC,0,0,BEM_DEFAULT_COMMENT,0,34,AB015E4,742895
15,IBOC,0,0,BEM_DEFAULT_COMMENT,0,34,AB015E4,742142
15,IBOC,0,0,BEM_DEFAULT_COMMENT,0,34,AB015E4,742142
15,IBOC,0,0,BEM_DEFAULT_COMMENT,0,34,AB015E4,742560
15,IBOC,0,0,BEM_DEFAULT_COMMENT,0,34,AB015E4,742526
15,IBOC,0,0,BEM_DEFAULT_COMMENT,0,34,AB015E4,741725
15,IBOC,0,0,BEM_DEFAULT_COMMENT,0,34,AB015E4,741725
15,IBOC,0,0,BEM_DEFAULT_COMMENT,0,34,AB015E4,742142
15,IBOC,0,0,BEM_DEFAULT_COMMENT,0,34,AB015E4,742760
15,IBOC,0,0,BEM_DEFAULT_COMMENT,0,34,AB015E4,742086
15,IBOC,0,0,BEM_DEFAULT_COMMENT,0,34,AB015E4,742608
15,IBOC,0,0,BEM_DEFAULT_COMMENT,0,34,AB015E4,742608
15,IBOC,0,0,BEM_DEFAULT_COMMENT,0,34,AB015E4,742690
15,IBOC,0,0,BEM_DEFAULT_COMMENT,0,34,AB015E4,742697
15,IBOC,0,0,BEM_DEFAULT_COMMENT,0,34,AB015E4,742698
15,IBOC,0,0,BEM_DEFAULT_COMMENT,0,34,AB015E4,742439
15,IBOC,0,0,BEM_DEFAULT_COMMENT,0,34,AB015E4,742437
15,IBOC,0,0,BEM_DEFAULT_COMMENT,0,34,AB015E4,742448
15,IBOC,0,0,BEM_DEFAULT_COMMENT,0,34,AB015E4,742448
15,IBOC,0,0,BEM_DEFAULT_COMMENT,0,34,AB015E4,742448
15,IBOC,0,0,BEM_DEFAULT_COMMENT,0,34,AB015E4,742448
15,IBOC,0,0,BEM_DEFAULT_COMMENT,0,34,AB015E4,742435
15,IBOC,0,0,BEM_DEFAULT_COMMENT,0,34,AB015E4,742451
15,IBOC,0,0,BEM_DEFAULT_COMMENT,0,34,AB015E4,742451
15,IBOC,0,0,BEM_DEFAULT_COMMENT,0,34,AB015E4,742545
15,IBOC,0,0,BEM_DEFAULT_COMMENT,0,34,AB015E4,742560
15,IBOC,0,0,BEM_DEFAULT_COMMENT,0,34,AB015E4,742132
15,IBOC,0,0,BEM_DEFAULT_COMMENT,0,34,AB015E4,742142
15,IBOC,0,0,BEM_DEFAULT_COMMENT,0,34,AB015E4,742143
15,IBOC,0,0,BEM_DEFAULT_COMMENT,0,34,AB015E4,742145
15,IBOC,0,0,BEM_DEFAULT_COMMENT,0,34,AB015E4,742151
15,IBOC,0,0,BEM_DEFAULT_COMMENT,0,34,AB015E4,742204
15,IBOC,0,0,BEM_DEFAULT_COMMENT,0,34,AB015E4,742214
15,IBOC,0,0,BEM_DEFAULT_COMMENT,0,34,AB015E4,742251
15,IBOC,0,0,BEM_DEFAULT_COMMENT,0,34,AB015E4,742472
15,IBOC,0,0,BEM_DEFAULT_COMMENT,0,34,AB015E4,742373
15,IBOC,0,0,BEM_DEFAULT_COMMENT,0,34,AB015E4,742420
15,IBOC,0,0,BEM_DEFAULT_COMMENT,0,34,AB015E4,742526
15,IBOC,0,0,BEM_DEFAULT_COMMENT,0,34,AB015E4,742452
15,IBOC,0,0,BEM_DEFAULT_COMMENT,0,34,AB015E4,742452
15,IBOC,0,0,BEM_DEFAULT_COMMENT,0,34,AB015E4,742494
15,IBOC,0,0,BEM_DEFAULT_COMMENT,0,34,AB015E4,742498
15,IBOC,0,0,BEM_DEFAULT_COMMENT,0,34,AB015E4,742501
15,IBOC,0,0,BEM_DEFAULT_COMMENT,0,34,AB015E4,742613
15,IBOC,0,0,BEM_DEFAULT_COMMENT,0,34,AB015E4,742616
15,IBOC,0,0,BEM_DEFAULT_COMMENT,0,34,AB015E4,742656
15,IBOC,0,0,BEM_DEFAULT_COMMENT,0,34,AB015E4,742728
15,IBOC,0,0,BEM_DEFAULT_COMMENT,0,34,AB015E4,742935
15,IBOC,0,0,BEM_DEFAULT_COMMENT,0,34,AB015E4,742099
15,IBOC,0,0,BEM_DEFAULT_COMMENT,0,34,AB015E4,742110
15,IBOC,0,0,BEM_DEFAULT_COMMENT,0,34,AB015E4,742133
15,IBOC,0,0,BEM_DEFAULT_COMMENT,0,34,AB015E4,742138
15,IBOC,0,0,BEM_DEFAULT_COMMENT,0,34,AB015E4,742140
15,IBOC,0,0,BEM_DEFAULT_COMMENT,0,34,AB015E4,742144
15,IBOC,0,0,BEM_DEFAULT_COMMENT,0,34,AB015E4,742587
15,IBOC,0,0,BEM_DEFAULT_COMMENT,0,34,AB015E4,742843
15,IBOC,0,0,BEM_DEFAULT_COMMENT,0,34,AB015E4,742823
15,IBOC,0,0,BEM_DEFAULT_COMMENT,0,34,AB015E4,741233
15,IBOC,0,0,BEM_DEFAULT_COMMENT,0,34,AB015E4,742466
15,IBOC,0,0,BEM_DEFAULT_COMMENT,0,34,AB015E4,742496
15,IBOC,0,0,BEM_DEFAULT_COMMENT,0,34,AB015E4,742432
15,IBOC,0,0,BEM_DEFAULT_COMMENT,0,34,AB015E4,742499
15,IBOC,0,0,BEM_DEFAULT_COMMENT,0,34,AB015E4,742139
15,IBOC,0,0,BEM_DEFAULT_COMMENT,0,34,AB015E4,742785
15,IBOC,0,0,BEM_DEFAULT_COMMENT,0,34,AB015E4,742788
15,IBOC,0,0,BEM_DEFAULT_COMMENT,0,34,AB015E4,741876
15,IBOC,0,0,BEM_DEFAULT_COMMENT,0,34,AB015E4,741549
15,IBOC,0,0,BEM_DEFAULT_COMMENT,0,34,AB015E4,742755
15,IBOC,0,0,BEM_DEFAULT_COMMENT,0,34,AB015E4,742452
15,IBOC,0,0,BEM_DEFAULT_COMMENT,0,34,AB015E4,742139
15,IBOC,0,0,BEM_DEFAULT_COMMENT,0,34,AB015E4,742608
15,IBOC,0,0,BEM_DEFAULT_COMMENT,0,34,AB015E4,742615
15,IBOC,0,0,BEM_DEFAULT_COMMENT,0,34,AB015E4,742617
15,IBOC,0,0,BEM_DEFAULT_COMMENT,0,34,AB015E4,742437
15,IBOC,0,0,BEM_DEFAULT_COMMENT,0,34,AB015E4,742537
15,IBOC,0,0,BEM_DEFAULT_COMMENT,0,34,AB015E4,742521
15,IBOC,0,0,BEM_DEFAULT_COMMENT,0,34,AB015E4,742558
15,IBOC,0,0,BEM_DEFAULT_COMMENT,0,34,AB015E4,742558
15,IBOC,0,0,BEM_DEFAULT_COMMENT,0,34,AB015E4,742526
15,IBOC,0,0,BEM_DEFAULT_COMMENT,0,34,AB015E4,742562
15,IBOC,0,0,BEM_DEFAULT_COMMENT,0,34,AB015E4,742564
15,IBOC,0,0,BEM_DEFAULT_COMMENT,0,34,AB015E4,742560
15,IBOC,0,0,BEM_DEFAULT_COMMENT,0,34,AB015E4,742565
15,IBOC,0,0,BEM_DEFAULT_COMMENT,0,34,AB015E4,742660
15,IBOC,0,0,BEM_DEFAULT_COMMENT,0,34,AB015E4,742683
15,IBOC,0,0,BEM_DEFAULT_COMMENT,0,34,AB015E4,742809
15,IBOC,0,0,BEM_DEFAULT_COMMENT,0,34,AB015E4,742810
15,IBOC,0,0,BEM_DEFAULT_COMMENT,0,34,AB015E4,742811
15,IBOC,0,0,BEM_DEFAULT_COMMENT,0,34,AB015E4,742812
15,IBOC,0,0,BEM_DEFAULT_COMMENT,0,34,AB015E4,742814
15,IBOC,0,0,BEM_DEFAULT_COMMENT,0,34,AB015E4,742815
15,IBOC,0,0,BEM_DEFAULT_COMMENT,0,34,AB015E4,742817
15,IBOC,0,0,BEM_DEFAULT_COMMENT,0,34,AB015E4,742819
15,IBOC,0,0,BEM_DEFAULT_COMMENT,0,34,AB015E4,742822
15,IBOC,0,0,BEM_DEFAULT_COMMENT,0,34,AB015E4,742826
15,IBOC,0,0,BEM_DEFAULT_COMMENT,0,34,AB015E4,742595
15,IBOC,0,0,BEM_DEFAULT_COMMENT,0,34,AB015E4,742139
15,IBOC,0,0,BEM_DEFAULT_COMMENT,0,34,AB015E4,742451
15,IBOC,0,0,BEM_DEFAULT_COMMENT,0,34,AB015E4,742451
15,IBOC,0,0,BEM_DEFAULT_COMMENT,0,34,AB015E4,741233
15,IBOC,0,0,BEM_DEFAULT_COMMENT,0,34,AB015E4,742452
15,IBOC,0,0,BEM_DEFAULT_COMMENT,0,34,AB015E4,742513
15,IBOC,0,0,BEM_DEFAULT_COMMENT,0,34,AB015E4,742648
15,IBOC,0,0,BEM_DEFAULT_COMMENT,0,34,AB015E4,742660
15,IBOC,0,0,BEM_DEFAULT_COMMENT,0,34,AB015E4,742391
15,IBOC,0,0,BEM_DEFAULT_COMMENT,0,34,AB015E4,742644
15,IBOC,0,0,BEM_DEFAULT_COMMENT,0,34,AB015E4,742945
15,IBOC,0,0,BEM_DEFAULT_COMMENT,0,34,AB015E4,742927
15,IBOC,0,0,BEM_DEFAULT_COMMENT,0,34,AB015E4,742941
15,IBOC,0,0,BEM_DEFAULT_COMMENT,0,34,AB015E4,742410
15,IBOC,0,0,BEM_DEFAULT_COMMENT,0,34,AB015E4,742534
15,IBOC,0,0,BEM_DEFAULT_COMMENT,0,34,AB015E4,742560
15,IBOC,0,0,BEM_DEFAULT_COMMENT,0,34,AB015E4,742760
15,IBOC,0,0,BEM_DEFAULT_COMMENT,0,34,AB015E4,742122
15,IBOC,0,0,BEM_DEFAULT_COMMENT,0,34,AB015E4,742560
15,IBOC,0,0,BEM_DEFAULT_COMMENT,0,34,AB015E4,742560
15,IBOC,0,0,BEM_DEFAULT_COMMENT,0,34,AB015E4,742560
15,IBOC,0,0,BEM_DEFAULT_COMMENT,0,34,AB015E4,742551
15,IBOC,0,0,BEM_DEFAULT_COMMENT,0,34,AB015E4,742548
15,IBOC,0,0,BEM_DEFAULT_COMMENT,0,34,AB015E4,742652
15,IBOC,0,0,BEM_DEFAULT_COMMENT,0,34,AB015E4,742880
15,IBOC,0,0,BEM_DEFAULT_COMMENT,0,34,AB015E4,742882
15,IBOC,0,0,BEM_DEFAULT_COMMENT,0,34,AB015E4,742884
15,IBOC,0,0,BEM_DEFAULT_COMMENT,0,34,AB015E4,742790
15,IBOC,0,0,BEM_DEFAULT_COMMENT,0,34,AB015E4,742797
15,IBOC,0,0,BEM_DEFAULT_COMMENT,0,34,AB015E4,742889
15,IBOC,0,0,BEM_DEFAULT_COMMENT,0,34,AB015E4,742660
15,IBOC,0,0,BEM_DEFAULT_COMMENT,0,34,AB015E4,741233
15,IBOC,0,0,BEM_DEFAULT_COMMENT,0,34,AB015E4,742660
15,IBOC,0,0,BEM_DEFAULT_COMMENT,0,34,AB015E4,742555
15,IBOC,0,0,BEM_DEFAULT_COMMENT,0,34,AB015E4,742718
15,IBOC,0,0,BEM_DEFAULT_COMMENT,0,34,AB015E4,741515
15,IBOC,0,0,BEM_DEFAULT_COMMENT,0,34,AB015E4,742878
15,IBOC,0,0,BEM_DEFAULT_COMMENT,0,34,AB015E4,742879
15,IBOC,0,0,BEM_DEFAULT_COMMENT,0,34,AB015E4,742555
15,IBOC,0,0,BEM_DEFAULT_COMMENT,0,34,AB015E4,742589
15,IBOC,0,0,BEM_DEFAULT_COMMENT,0,34,AB015E4,742555
15,IBOC,0,0,BEM_DEFAULT_COMMENT,0,34,AB015E4,742595
15,IBOC,0,0,BEM_DEFAULT_COMMENT,0,34,AB015E4,742596
15,IBOC,0,0,BEM_DEFAULT_COMMENT,0,34,AB015E4,742560
15,IBOC,0,0,BEM_DEFAULT_COMMENT,0,34,AB015E4,742560
15,IBOC,0,0,BEM_DEFAULT_COMMENT,0,34,AB015E4,742547
15,IBOC,0,0,BEM_DEFAULT_COMMENT,0,34,AB015E4,742608
15,IBOC,0,0,BEM_DEFAULT_COMMENT,0,34,AB015E4,742608
15,IBOC,0,0,BEM_DEFAULT_COMMENT,0,34,AB015E4,742875
15,IBOC,0,0,BEM_DEFAULT_COMMENT,0,34,AB015E4,742284
15,IBOC,0,0,BEM_DEFAULT_COMMENT,0,34,AB015E4,742285
15,IBOC,0,0,BEM_DEFAULT_COMMENT,0,34,AB015E4,741233
15,IBOC,0,0,BEM_DEFAULT_COMMENT,0,34,AB015E4,742555
15,IBOC,0,0,BEM_DEFAULT_COMMENT,0,34,AB015E4,742558
15,IBOC,0,0,BEM_DEFAULT_COMMENT,0,34,AB015E4,742549
15,IBOC,0,0,BEM_DEFAULT_COMMENT,0,34,AB015E4,742549
15,IBOC,0,0,BEM_DEFAULT_COMMENT,0,34,AB015E4,742558
15,IBOC,0,0,BEM_DEFAULT_COMMENT,0,34,AB015E4,742549
15,IBOC,0,0,BEM_DEFAULT_COMMENT,0,34,AB015E4,742560
15,IBOC,0,0,BEM_DEFAULT_COMMENT,0,34,AB015E4,742560
15,IBOC,0,0,BEM_DEFAULT_COMMENT,0,34,AB015E4,742560
15,IBOC,0,0,BEM_DEFAULT_COMMENT,0,34,AB015E4,742560
15,IBOC,0,0,BEM_DEFAULT_COMMENT,0,34,AB015E4,742500
15,IBOC,0,0,BEM_DEFAULT_COMMENT,0,34,AB015E4,742883
15,IBOC,0,0,BEM_DEFAULT_COMMENT,0,34,AB015E4,742885
15,IBOC,0,0,BEM_DEFAULT_COMMENT,0,34,AB015E4,742902
15,IBOC,0,0,BEM_DEFAULT_COMMENT,0,34,AB015E4,742502
15,IBOC,0,0,BEM_DEFAULT_COMMENT,0,34,AB015E4,742767
15,IBOC,0,0,BEM_DEFAULT_COMMENT,0,34,AB015E4,742560
15,IBOC,0,0,BEM_DEFAULT_COMMENT,0,34,AB015E4,741725
15,IBOC,0,0,BEM_DEFAULT_COMMENT,0,34,AB015E4,742560
15,IBOC,0,0,BEM_DEFAULT_COMMENT,0,34,AB015E4,742570
15,IBOC,0,0,BEM_DEFAULT_COMMENT,0,34,AB015E4,742849
15,IBOC,0,0,BEM_DEFAULT_COMMENT,0,34,AB015E4,742854
15,IBOC,0,0,BEM_DEFAULT_COMMENT,0,34,AB015E4,742858
15,IBOC,0,0,BEM_DEFAULT_COMMENT,0,34,AB015E4,740262
15,IBOC,0,0,BEM_DEFAULT_COMMENT,0,34,AB015E4,741760
15,IBOC,0,0,BEM_DEFAULT_COMMENT,0,34,AB015E4,742429
15,IBOC,0,0,BEM_DEFAULT_COMMENT,0,34,AB015E4,742431
15,IBOC,0,0,BEM_DEFAULT_COMMENT,0,34,AB015E4,742433
15,IBOC,0,0,BEM_DEFAULT_COMMENT,0,34,AB015E4,742435
15,IBOC,0,0,BEM_DEFAULT_COMMENT,0,34,AB015E4,742452
15,IBOC,0,0,BEM_DEFAULT_COMMENT,0,34,AB015E4,742452
15,IBOC,0,0,BEM_DEFAULT_COMMENT,0,34,AB015E4,742743
15,IBOC,0,0,BEM_DEFAULT_COMMENT,0,34,AB015E4,742558
15,IBOC,0,0,BEM_DEFAULT_COMMENT,0,34,AB015E4,742848
15,IBOC,0,0,BEM_DEFAULT_COMMENT,0,34,AB015E4,742850
15,IBOC,0,0,BEM_DEFAULT_COMMENT,0,34,AB015E4,742418
15,IBOC,0,0,BEM_DEFAULT_COMMENT,0,34,AB015E4,742419
15,IBOC,0,0,BEM_DEFAULT_COMMENT,0,34,AB015E4,742076
15,IBOC,0,0,BEM_DEFAULT_COMMENT,0,34,AB015E4,742137
15,IBOC,0,0,BEM_DEFAULT_COMMENT,0,34,AB015E4,741702
15,IBOC,0,0,BEM_DEFAULT_COMMENT,0,34,AB015E4,742218
15,IBOC,0,0,BEM_DEFAULT_COMMENT,0,34,AB015E4,742534
15,IBOC,0,0,BEM_DEFAULT_COMMENT,0,34,AB015E4,742572
15,IBOC,0,0,BEM_DEFAULT_COMMENT,0,34,AB015E4,742861
15,IBOC,0,0,BEM_DEFAULT_COMMENT,0,34,AB015E4,742852
15,IBOC,0,0,BEM_DEFAULT_COMMENT,0,34,AB015E4,742853
15,IBOC,0,0,BEM_DEFAULT_COMMENT,0,34,AB015E4,742863
15,IBOC,0,0,BEM_DEFAULT_COMMENT,0,34,AB015E4,742888
15,IBOC,0,0,BEM_DEFAULT_COMMENT,0,34,AB015E4,742938
15,IBOC,0,0,BEM_DEFAULT_COMMENT,0,34,AB015E4,742629
15,IBOC,0,0,BEM_DEFAULT_COMMENT,0,34,AB015E4,742149
15,IBOC,0,0,BEM_DEFAULT_COMMENT,0,34,AB015E4,742422
15,IBOC,0,0,BEM_DEFAULT_COMMENT,0,34,AB015E4,742437
15,IBOC,0,0,BEM_DEFAULT_COMMENT,0,34,AB015E4,742437
15,IBOC,0,0,BEM_DEFAULT_COMMENT,0,34,AB015E4,742448
15,IBOC,0,0,BEM_DEFAULT_COMMENT,0,34,AB015E4,742451
15,IBOC,0,0,BEM_DEFAULT_COMMENT,0,34,AB015E4,741937
15,IBOC,0,0,BEM_DEFAULT_COMMENT,0,34,AB015E4,742560
15,IBOC,0,0,BEM_DEFAULT_COMMENT,0,34,AB015E4,742592
15,IBOC,0,0,BEM_DEFAULT_COMMENT,0,34,AB015E4,742560
15,IBOC,0,0,BEM_DEFAULT_COMMENT,0,34,AB015E4,742629
15,IBOC,0,0,BEM_DEFAULT_COMMENT,0,34,AB015E4,742645
15,IBOC,0,0,BEM_DEFAULT_COMMENT,0,34,AB015E4,742560
15,IBOC,0,0,BEM_DEFAULT_COMMENT,0,34,AB015E4,742744
15,IBOC,0,0,BEM_DEFAULT_COMMENT,0,34,AB015E4,742787
15,IBOC,0,0,BEM_DEFAULT_COMMENT,0,34,AB015E4,742937
15,IBOC,0,0,BEM_DEFAULT_COMMENT,0,34,AB015E4,742387
15,IBOC,0,0,BEM_DEFAULT_COMMENT,0,34,AB015E4,742399
15,IBOC,0,0,BEM_DEFAULT_COMMENT,0,34,AB015E4,742401
15,IBOC,0,0,BEM_DEFAULT_COMMENT,0,34,AB015E4,742437
15,IBOC,0,0,BEM_DEFAULT_COMMENT,0,34,AB015E4,742451
15,IBOC,0,0,BEM_DEFAULT_COMMENT,0,34,AB015E4,741084
15,IBOC,0,0,BEM_DEFAULT_COMMENT,0,34,AB015E4,742408
15,IBOC,0,0,BEM_DEFAULT_COMMENT,0,34,AB015E4,742393
15,IBOC,0,0,BEM_DEFAULT_COMMENT,0,34,AB015E4,742398
15,IBOC,0,0,BEM_DEFAULT_COMMENT,0,34,AB015E4,742406
15,IBOC,0,0,BEM_DEFAULT_COMMENT,0,34,AB015E4,742397
15,IBOC,0,0,BEM_DEFAULT_COMMENT,0,34,AB015E4,742437
15,IBOC,0,0,BEM_DEFAULT_COMMENT,0,34,AB015E4,742463
15,IBOC,0,0,BEM_DEFAULT_COMMENT,0,34,AB015E4,742464
15,IBOC,0,0,BEM_DEFAULT_COMMENT,0,34,AB015E4,742554
15,IBOC,0,0,BEM_DEFAULT_COMMENT,0,34,AB015E4,742148
15,IBOC,0,0,BEM_DEFAULT_COMMENT,0,34,AB015E4,742423
15,IBOC,0,0,BEM_DEFAULT_COMMENT,0,34,AB015E4,742560
15,IBOC,0,0,BEM_DEFAULT_COMMENT,0,34,AB015E4,742405
15,IBOC,0,0,BEM_DEFAULT_COMMENT,0,34,AB015E4,742397
15,IBOC,0,0,BEM_DEFAULT_COMMENT,0,34,AB015E4,742404
15,IBOC,0,0,BEM_DEFAULT_COMMENT,0,34,AB015E4,742753
15,IBOC,0,0,BEM_DEFAULT_COMMENT,0,34,AB015E4,742394
15,IBOC,0,0,BEM_DEFAULT_COMMENT,0,34,AB015E4,742067
15,IBOC,0,0,BEM_DEFAULT_COMMENT,0,34,AB015E4,742119
15,IBOC,0,0,BEM_DEFAULT_COMMENT,0,34,AB015E4,741243
15,IBOC,0,0,BEM_DEFAULT_COMMENT,0,34,AB015E4,742299
15,IBOC,0,0,BEM_DEFAULT_COMMENT,0,34,AB015E4,742121
15,IBOC,0,0,BEM_DEFAULT_COMMENT,0,34,AB015E4,742318
15,IBOC,0,0,BEM_DEFAULT_COMMENT,0,34,AB015E4,742324
15,IBOC,0,0,BEM_DEFAULT_COMMENT,0,34,AB015E4,742317
15,IBOC,0,0,BEM_DEFAULT_COMMENT,0,34,AB015E4,742322
15,IBOC,0,0,BEM_DEFAULT_COMMENT,0,34,AB015E4,742323
15,IBOC,0,0,BEM_DEFAULT_COMMENT,0,34,AB015E4,742363
15,IBOC,0,0,BEM_DEFAULT_COMMENT,0,34,AB015E4,742349
15,IBOC,0,0,BEM_DEFAULT_COMMENT,0,34,AB015E4,742205
15,IBOC,0,0,BEM_DEFAULT_COMMENT,0,34,AB015E4,742232
15,IBOC,0,0,BEM_DEFAULT_COMMENT,0,34,AB015E4,742252
15,IBOC,0,0,BEM_DEFAULT_COMMENT,0,34,AB015E4,742261
15,IBOC,0,0,BEM_DEFAULT_COMMENT,0,34,AB015E4,742263
15,IBOC,0,0,BEM_DEFAULT_COMMENT,0,34,AB015E4,742125
15,IBOC,0,0,BEM_DEFAULT_COMMENT,0,34,AB015E4,742300
15,IBOC,0,0,BEM_DEFAULT_COMMENT,0,34,AB015E4,742362
15,IBOC,0,0,BEM_DEFAULT_COMMENT,0,34,AB015E4,742302
15,IBOC,0,0,BEM_DEFAULT_COMMENT,0,34,AB015E4,742306
15,IBOC,0,0,BEM_DEFAULT_COMMENT,0,34,AB015E4,742312
15,IBOC,0,0,BEM_DEFAULT_COMMENT,0,34,AB015E4,742316
15,IBOC,0,0,BEM_DEFAULT_COMMENT,0,34,AB015E4,742317
15,IBOC,0,0,BEM_DEFAULT_COMMENT,0,34,AB015E4,742319
15,IBOC,0,0,BEM_DEFAULT_COMMENT,0,34,AB015E4,742088
15,IBOC,0,0,BEM_DEFAULT_COMMENT,0,34,AB015E4,742071
15,IBOC,0,0,BEM_DEFAULT_COMMENT,0,34,AB015E4,742361
15,IBOC,0,0,BEM_DEFAULT_COMMENT,0,34,AB015E4,742060
15,IBOC,0,0,BEM_DEFAULT_COMMENT,0,34,AB015E4,742076
15,IBOC,0,0,BEM_DEFAULT_COMMENT,0,34,AB015E4,742070
15,IBOC,0,0,BEM_DEFAULT_COMMENT,0,34,AB015E4,742125
15,IBOC,0,0,BEM_DEFAULT_COMMENT,0,34,AB015E4,742195
15,IBOC,0,0,BEM_DEFAULT_COMMENT,0,34,AB015E4,742308
15,IBOC,0,0,BEM_DEFAULT_COMMENT,0,34,AB015E4,742309
15,IBOC,0,0,BEM_DEFAULT_COMMENT,0,34,AB015E4,742310
15,IBOC,0,0,BEM_DEFAULT_COMMENT,0,34,AB015E4,742321
15,IBOC,0,0,BEM_DEFAULT_COMMENT,0,34,AB015E4,742355
15,IBOC,0,0,BEM_DEFAULT_COMMENT,0,34,AB015E4,742357
15,IBOC,0,0,BEM_DEFAULT_COMMENT,0,34,AB015E4,742359
15,IBOC,0,0,BEM_DEFAULT_COMMENT,0,34,AB015E4,742360
15,IBOC,0,0,BEM_DEFAULT_COMMENT,0,34,AB015E4,741892
15,IBOC,0,0,BEM_DEFAULT_COMMENT,0,34,AB015E4,742358
15,IBOC,0,0,BEM_DEFAULT_COMMENT,0,34,AB015E4,741241
15,IBOC,0,0,BEM_DEFAULT_COMMENT,0,34,AB015E4,742260
15,IBOC,0,0,BEM_DEFAULT_COMMENT,0,34,AB015E4,742364
15,IBOC,0,0,BEM_DEFAULT_COMMENT,0,34,AB015E4,742304
15,IBOC,0,0,BEM_DEFAULT_COMMENT,0,34,AB015E4,742307
15,IBOC,0,0,BEM_DEFAULT_COMMENT,0,34,AB015E4,742303
15,IBOC,0,0,BEM_DEFAULT_COMMENT,0,34,AB015E4,742305
15,IBOC,0,0,BEM_DEFAULT_COMMENT,0,34,AB015E4,742356
15,IBOC,0,0,BEM_DEFAULT_COMMENT,0,34,AB015E4,741453
15,IBOC,0,0,BEM_DEFAULT_COMMENT,0,34,AB015E4,741233
15,IBOC,0,0,BEM_DEFAULT_COMMENT,0,34,AB015E4,742365
15,IBOC,0,0,BEM_DEFAULT_COMMENT,0,34,AB015E4,742378
15,IBOC,0,0,BEM_DEFAULT_COMMENT,0,34,AB015E4,742380
15,IBOC,0,0,BEM_DEFAULT_COMMENT,0,34,AB015E4,742386
15,IBOC,0,0,BEM_DEFAULT_COMMENT,0,34,AB015E4,742717
15,IBOC,0,0,BEM_DEFAULT_COMMENT,0,34,AB015E4,742794
15,IBOC,0,0,BEM_DEFAULT_COMMENT,0,34,AB015E4,742818
15,IBOC,0,0,BEM_DEFAULT_COMMENT,0,34,AB015E4,742818
15,IBOC,0,0,BEM_DEFAULT_COMMENT,0,34,AB015E4,742898
15,IBOC,0,0,BEM_DEFAULT_COMMENT,0,34,AB015E4,742172
15,IBOC,0,0,BEM_DEFAULT_COMMENT,0,34,AB015E4,741725
15,IBOC,0,0,BEM_DEFAULT_COMMENT,0,34,AB015E4,741725
15,IBOC,0,0,BEM_DEFAULT_COMMENT,0,34,AB015E4,742455
15,IBOC,0,0,BEM_DEFAULT_COMMENT,0,34,AB015E4,741725
15,IBOC,0,0,BEM_DEFAULT_COMMENT,0,34,AB015E4,741725
15,IBOC,0,0,BEM_DEFAULT_COMMENT,0,34,AB015E4,742142
15,IBOC,0,0,BEM_DEFAULT_COMMENT,0,34,AB015E4,742456
15,IBOC,0,0,BEM_DEFAULT_COMMENT,0,34,AB015E4,742457
15,IBOC,0,0,BEM_DEFAULT_COMMENT,0,34,AB015E4,742662
15,IBOC,0,0,BEM_DEFAULT_COMMENT,0,34,AB015E4,742081
15,IBOC,0,0,BEM_DEFAULT_COMMENT,0,34,AB015E4,742084
15,IBOC,0,0,BEM_DEFAULT_COMMENT,0,34,AB015E4,742087
15,IBOC,0,0,BEM_DEFAULT_COMMENT,0,34,AB015E4,741725
15,IBOC,0,0,BEM_DEFAULT_COMMENT,0,34,AB015E4,741778
15,IBOC,0,0,BEM_DEFAULT_COMMENT,0,34,AB015E4,742622
15,IBOC,0,0,BEM_DEFAULT_COMMENT,0,34,AB015E4,742933
15,IBOC,0,0,BEM_DEFAULT_COMMENT,0,34,AB015E4,742662
15,IBOC,0,0,BEM_DEFAULT_COMMENT,0,34,AB015E4,742662
15,IBOC,0,0,BEM_DEFAULT_COMMENT,0,34,AB015E4,742662
15,IBOC,0,0,BEM_DEFAULT_COMMENT,0,34,AB015E4,742660
15,IBOC,0,0,BEM_DEFAULT_COMMENT,0,34,AB015E4,742664
15,IBOC,0,0,BEM_DEFAULT_COMMENT,0,34,AB015E4,742783
15,IBOC,0,0,BEM_DEFAULT_COMMENT,0,34,AB015E4,742784
15,IBOC,0,0,BEM_DEFAULT_COMMENT,0,34,AB015E4,742432
15,IBOC,0,0,BEM_DEFAULT_COMMENT,0,34,AB015E4,742538
15,IBOC,0,0,BEM_DEFAULT_COMMENT,0,34,AB015E4,742538
15,IBOC,0,0,BEM_DEFAULT_COMMENT,0,34,AB015E4,742560
15,IBOC,0,0,BEM_DEFAULT_COMMENT,0,34,AB015E4,742608
15,IBOC,0,0,BEM_DEFAULT_COMMENT,0,34,AB015E4,742649
15,IBOC,0,0,BEM_DEFAULT_COMMENT,0,34,AB015E4,742775
15,IBOC,0,0,BEM_DEFAULT_COMMENT,0,34,AB015E4,742776
15,IBOC,0,0,BEM_DEFAULT_COMMENT,0,34,AB015E4,742777
15,IBOC,0,0,BEM_DEFAULT_COMMENT,0,34,AB015E4,742780
15,IBOC,0,0,BEM_DEFAULT_COMMENT,0,34,AB015E4,742782
15,IBOC,0,0,BEM_DEFAULT_COMMENT,0,34,AB015E4,742444
15,IBOC,0,0,BEM_DEFAULT_COMMENT,0,34,AB015E4,742437
15,IBOC,0,0,BEM_DEFAULT_COMMENT,0,34,AB015E4,742538
15,IBOC,0,0,BEM_DEFAULT_COMMENT,0,34,AB015E4,742545
15,IBOC,0,0,BEM_DEFAULT_COMMENT,0,34,AB015E4,742555
15,IBOC,0,0,BEM_DEFAULT_COMMENT,0,34,AB015E4,742547
15,IBOC,0,0,BEM_DEFAULT_COMMENT,0,34,AB015E4,742579
15,IBOC,0,0,BEM_DEFAULT_COMMENT,0,34,AB015E4,742650
15,IBOC,0,0,BEM_DEFAULT_COMMENT,0,34,AB015E4,742730
15,IBOC,0,0,BEM_DEFAULT_COMMENT,0,34,AB015E4,742640
15,IBOC,0,0,BEM_DEFAULT_COMMENT,0,34,AB015E4,742450
15,IBOC,0,0,BEM_DEFAULT_COMMENT,0,34,AB015E4,742142
15,IBOC,0,0,BEM_DEFAULT_COMMENT,0,34,AB015E4,741233
15,IBOC,0,0,BEM_DEFAULT_COMMENT,0,34,AB015E4,741233
15,IBOC,0,0,BEM_DEFAULT_COMMENT,0,34,AB015E4,742139
15,IBOC,0,0,BEM_DEFAULT_COMMENT,0,34,AB015E4,742606
15,IBOC,0,0,BEM_DEFAULT_COMMENT,0,34,AB015E4,742560
15,IBOC,0,0,BEM_DEFAULT_COMMENT,0,34,AB015E4,742393
15,IBOC,0,0,BEM_DEFAULT_COMMENT,0,34,AB015E4,741725
15,IBOC,0,0,BEM_DEFAULT_COMMENT,0,34,AB015E4,741725
15,IBOC,0,0,BEM_DEFAULT_COMMENT,0,34,AB015E4,741725
15,IBOC,0,0,BEM_DEFAULT_COMMENT,0,34,AB015E4,741233
15,IBOC,0,0,BEM_DEFAULT_COMMENT,0,34,AB015E4,742458
15,IBOC,0,0,BEM_DEFAULT_COMMENT,0,34,AB015E4,742452
15,IBOC,0,0,BEM_DEFAULT_COMMENT,0,34,AB015E4,742560
15,IBOC,0,0,BEM_DEFAULT_COMMENT,0,34,AB015E4,742526
15,IBOC,0,0,BEM_DEFAULT_COMMENT,0,34,AB015E4,742526
15,IBOC,0,0,BEM_DEFAULT_COMMENT,0,34,AB015E4,742647
15,IBOC,0,0,BEM_DEFAULT_COMMENT,0,34,AB015E4,742526
15,IBOC,0,0,BEM_DEFAULT_COMMENT,0,34,AB015E4,742560
15,IBOC,0,0,BEM_DEFAULT_COMMENT,0,34,AB015E4,742759
15,IBOC,0,0,BEM_DEFAULT_COMMENT,0,34,AB015E4,742803
15,IBOC,0,0,BEM_DEFAULT_COMMENT,0,34,AB015E4,742946
15,IBOC,0,0,BEM_DEFAULT_COMMENT,0,34,AB015E4,742795
15,IBOC,0,0,BEM_DEFAULT_COMMENT,0,34,AB015E4,742798
15,IBOC,0,0,BEM_DEFAULT_COMMENT,0,34,AB015E4,742799
15,IBOC,0,0,BEM_DEFAULT_COMMENT,0,34,AB015E4,742803
15,IBOC,0,0,BEM_DEFAULT_COMMENT,0,34,AB015E4,742803
15,IBOC,0,0,BEM_DEFAULT_COMMENT,0,34,AB015E4,742805
15,IBOC,0,0,BEM_DEFAULT_COMMENT,0,34,AB015E4,742806
15,IBOC,0,0,BEM_DEFAULT_COMMENT,0,34,AB015E4,742560
15,IBOC,0,0,BEM_DEFAULT_COMMENT,0,34,AB015E4,742560
15,IBOC,0,0,BEM_DEFAULT_COMMENT,0,34,AB015E4,742560
15,IBOC,0,0,BEM_DEFAULT_COMMENT,0,34,AB015E4,742547
15,IBOC,0,0,BEM_DEFAULT_COMMENT,0,34,AB015E4,742547
15,IBOC,0,0,BEM_DEFAULT_COMMENT,0,34,AB015E4,742560
15,IBOC,0,0,BEM_DEFAULT_COMMENT,0,34,AB015E4,742580
15,IBOC,0,0,BEM_DEFAULT_COMMENT,0,34,AB015E4,742560
15,IBOC,0,0,BEM_DEFAULT_COMMENT,0,34,AB015E4,742608
15,IBOC,0,0,BEM_DEFAULT_COMMENT,0,34,AB015E4,742608
15,IBOC,0,0,BEM_DEFAULT_COMMENT,0,34,AB015E4,742608
15,IBOC,0,0,BEM_DEFAULT_COMMENT,0,34,AB015E4,742176
15,IBOC,0,0,BEM_DEFAULT_COMMENT,0,34,AB015E4,742560
15,IBOC,0,0,BEM_DEFAULT_COMMENT,0,34,AB015E4,742560
15,IBOC,0,0,BEM_DEFAULT_COMMENT,0,34,AB015E4,742218
15,IBOC,0,0,BEM_DEFAULT_COMMENT,0,34,AB015E4,742641
15,IBOC,0,0,BEM_DEFAULT_COMMENT,0,34,AB015E4,742643
15,IBOC,0,0,BEM_DEFAULT_COMMENT,0,34,AB015E4,742660
15,IBOC,0,0,BEM_DEFAULT_COMMENT,0,34,AB015E4,742595
15,IBOC,0,0,BEM_DEFAULT_COMMENT,0,34,AB015E4,742605
15,IBOC,0,0,BEM_DEFAULT_COMMENT,0,34,AB015E4,742608
15,IBOC,0,0,BEM_DEFAULT_COMMENT,0,34,AB015E4,742608
15,IBOC,0,0,BEM_DEFAULT_COMMENT,0,34,AB015E4,742608
15,IBOC,0,0,BEM_DEFAULT_COMMENT,0,34,AB015E4,742608
15,IBOC,0,0,BEM_DEFAULT_COMMENT,0,34,AB015E4,742741
15,IBOC,0,0,BEM_DEFAULT_COMMENT,0,34,AB015E4,742465
15,IBOC,0,0,BEM_DEFAULT_COMMENT,0,34,AB015E4,741233
15,IBOC,0,0,BEM_DEFAULT_COMMENT,0,34,AB015E4,741233
15,IBOC,0,0,BEM_DEFAULT_COMMENT,0,34,AB015E4,742502
15,IBOC,0,0,BEM_DEFAULT_COMMENT,0,34,AB015E4,742435
15,IBOC,0,0,BEM_DEFAULT_COMMENT,0,34,AB015E4,742452
15,IBOC,0,0,BEM_DEFAULT_COMMENT,0,34,AB015E4,742505
15,IBOC,0,0,BEM_DEFAULT_COMMENT,0,34,AB015E4,742507
15,IBOC,0,0,BEM_DEFAULT_COMMENT,0,34,AB015E4,742558
15,IBOC,0,0,BEM_DEFAULT_COMMENT,0,34,AB015E4,742452
15,IBOC,0,0,BEM_DEFAULT_COMMENT,0,34,AB015E4,742513
15,IBOC,0,0,BEM_DEFAULT_COMMENT,0,34,AB015E4,742589
15,IBOC,0,0,BEM_DEFAULT_COMMENT,0,34,AB015E4,742592
15,IBOC,0,0,BEM_DEFAULT_COMMENT,0,34,AB015E4,742515
15,IBOC,0,0,BEM_DEFAULT_COMMENT,0,34,AB015E4,742618
15,IBOC,0,0,BEM_DEFAULT_COMMENT,0,34,AB015E4,742390
15,IBOC,0,0,BEM_DEFAULT_COMMENT,0,34,AB015E4,742229
15,IBOC,0,0,BEM_DEFAULT_COMMENT,0,34,AB015E4,742478
15,IBOC,0,0,BEM_DEFAULT_COMMENT,0,34,AB015E4,742479
15,IBOC,0,0,BEM_DEFAULT_COMMENT,0,34,AB015E4,742481
15,IBOC,0,0,BEM_DEFAULT_COMMENT,0,34,AB015E4,742482
15,IBOC,0,0,BEM_DEFAULT_COMMENT,0,34,AB015E4,742483
15,IBOC,0,0,BEM_DEFAULT_COMMENT,0,34,AB015E4,742484
15,IBOC,0,0,BEM_DEFAULT_COMMENT,0,34,AB015E4,742485
15,IBOC,0,0,BEM_DEFAULT_COMMENT,0,34,AB015E4,742486
15,IBOC,0,0,BEM_DEFAULT_COMMENT,0,34,AB015E4,742489
15,IBOC,0,0,BEM_DEFAULT_COMMENT,0,34,AB015E4,742491
15,IBOC,0,0,BEM_DEFAULT_COMMENT,0,34,AB015E4,741233
15,IBOC,0,0,BEM_DEFAULT_COMMENT,0,34,AB015E4,741233
15,IBOC,0,0,BEM_DEFAULT_COMMENT,0,34,AB015E4,742743
15,IBOC,0,0,BEM_DEFAULT_COMMENT,0,34,AB015E4,742555
15,IBOC,0,0,BEM_DEFAULT_COMMENT,0,34,AB015E4,742556
15,IBOC,0,0,BEM_DEFAULT_COMMENT,0,34,AB015E4,742592
15,IBOC,0,0,BEM_DEFAULT_COMMENT,0,34,AB015E4,742862
15,IBOC,0,0,BEM_DEFAULT_COMMENT,0,34,AB015E4,742381
15,IBOC,0,0,BEM_DEFAULT_COMMENT,0,34,AB015E4,742384
15,IBOC,0,0,BEM_DEFAULT_COMMENT,0,34,AB015E4,742139
15,IBOC,0,0,BEM_DEFAULT_COMMENT,0,34,AB015E4,741725
15,IBOC,0,0,BEM_DEFAULT_COMMENT,0,34,AB015E4,742511
15,IBOC,0,0,BEM_DEFAULT_COMMENT,0,34,AB015E4,742526
15,IBOC,0,0,BEM_DEFAULT_COMMENT,0,34,AB015E4,742555
15,IBOC,0,0,BEM_DEFAULT_COMMENT,0,34,AB015E4,742562
15,IBOC,0,0,BEM_DEFAULT_COMMENT,0,34,AB015E4,742558
15,IBOC,0,0,BEM_DEFAULT_COMMENT,0,34,AB015E4,742560
15,IBOC,0,0,BEM_DEFAULT_COMMENT,0,34,AB015E4,742560
15,IBOC,0,0,BEM_DEFAULT_COMMENT,0,34,AB015E4,742560
15,IBOC,0,0,BEM_DEFAULT_COMMENT,0,34,AB015E4,742676
15,IBOC,0,0,BEM_DEFAULT_COMMENT,0,34,AB015E4,742676
15,IBOC,0,0,BEM_DEFAULT_COMMENT,0,34,AB015E4,742713
15,IBOC,0,0,BEM_DEFAULT_COMMENT,0,34,AB015E4,742715
15,IBOC,0,0,BEM_DEFAULT_COMMENT,0,34,AB015E4,742105
15,IBOC,0,0,BEM_DEFAULT_COMMENT,0,34,AB015E4,742740
15,IBOC,0,0,BEM_DEFAULT_COMMENT,0,34,AB015E4,742743
15,IBOC,0,0,BEM_DEFAULT_COMMENT,0,34,AB015E4,742743
15,IBOC,0,0,BEM_DEFAULT_COMMENT,0,34,AB015E4,742743
15,IBOC,0,0,BEM_DEFAULT_COMMENT,0,34,AB015E4,741725
15,IBOC,0,0,BEM_DEFAULT_COMMENT,0,34,AB015E4,741725
15,IBOC,0,0,BEM_DEFAULT_COMMENT,0,34,AB015E4,741725
15,IBOC,0,0,BEM_DEFAULT_COMMENT,0,34,AB015E4,742459
15,IBOC,0,0,BEM_DEFAULT_COMMENT,0,34,AB015E4,742142
15,IBOC,0,0,BEM_DEFAULT_COMMENT,0,34,AB015E4,742510
15,IBOC,0,0,BEM_DEFAULT_COMMENT,0,34,AB015E4,742074
15,IBOC,0,0,BEM_DEFAULT_COMMENT,0,34,AB015E4,742549
15,IBOC,0,0,BEM_DEFAULT_COMMENT,0,34,AB015E4,741893
15,IBOC,0,0,BEM_DEFAULT_COMMENT,0,34,AB015E4,742560
15,IBOC,0,0,BEM_DEFAULT_COMMENT,0,34,AB015E4,742547
15,IBOC,0,0,BEM_DEFAULT_COMMENT,0,34,AB015E4,742560
15,IBOC,0,0,BEM_DEFAULT_COMMENT,0,34,AB015E4,742560
15,IBOC,0,0,BEM_DEFAULT_COMMENT,0,34,AB015E4,742118
15,IBOC,0,0,BEM_DEFAULT_COMMENT,0,34,AB015E4,742272
15,IBOC,0,0,BEM_DEFAULT_COMMENT,0,34,AB015E4,742460
15,IBOC,0,0,BEM_DEFAULT_COMMENT,0,34,AB015E4,742538
15,IBOC,0,0,BEM_DEFAULT_COMMENT,0,34,AB015E4,742538
15,IBOC,0,0,BEM_DEFAULT_COMMENT,0,34,AB015E4,742538
15,IBOC,0,0,BEM_DEFAULT_COMMENT,0,34,AB015E4,742538
15,IBOC,0,0,BEM_DEFAULT_COMMENT,0,34,AB015E4,742544
15,IBOC,0,0,BEM_DEFAULT_COMMENT,0,34,AB015E4,742592
15,IBOC,0,0,BEM_DEFAULT_COMMENT,0,34,AB015E4,742606
15,IBOC,0,0,BEM_DEFAULT_COMMENT,0,34,AB015E4,742839
15,IBOC,0,0,BEM_DEFAULT_COMMENT,0,34,AB015E4,742881
15,IBOC,0,0,BEM_DEFAULT_COMMENT,0,34,AB015E4,742080
15,IBOC,0,0,BEM_DEFAULT_COMMENT,0,34,AB015E4,742396
15,IBOC,0,0,BEM_DEFAULT_COMMENT,0,34,AB015E4,742432
15,IBOC,0,0,BEM_DEFAULT_COMMENT,0,34,AB015E4,742472
15,IBOC,0,0,BEM_DEFAULT_COMMENT,0,34,AB015E4,742473
15,IBOC,0,0,BEM_DEFAULT_COMMENT,0,34,AB015E4,742584
15,IBOC,0,0,BEM_DEFAULT_COMMENT,0,34,AB015E4,742585
15,IBOC,0,0,BEM_DEFAULT_COMMENT,0,34,AB015E4,742586
15,IBOC,0,0,BEM_DEFAULT_COMMENT,0,34,AB015E4,742588
15,IBOC,0,0,BEM_DEFAULT_COMMENT,0,34,AB015E4,742649
15,IBOC,0,0,BEM_DEFAULT_COMMENT,0,34,AB015E4,742791
15,IBOC,0,0,BEM_DEFAULT_COMMENT,0,34,AB015E4,742382
15,IBOC,0,0,BEM_DEFAULT_COMMENT,0,34,AB015E4,742385
15,IBOC,0,0,BEM_DEFAULT_COMMENT,0,34,AB015E4,742462
15,IBOC,0,0,BEM_DEFAULT_COMMENT,0,34,AB015E4,742135
15,IBOC,0,0,BEM_DEFAULT_COMMENT,0,34,AB015E4,742139
15,IBOC,0,0,BEM_DEFAULT_COMMENT,0,34,AB015E4,742142
15,IBOC,0,0,BEM_DEFAULT_COMMENT,0,34,AB015E4,742152
15,IBOC,0,0,BEM_DEFAULT_COMMENT,0,34,AB015E4,742444
15,IBOC,0,0,BEM_DEFAULT_COMMENT,0,34,AB015E4,742448
15,IBOC,0,0,BEM_DEFAULT_COMMENT,0,34,AB015E4,742449
15,IBOC,0,0,BEM_DEFAULT_COMMENT,0,34,AB015E4,742451
15,IBOC,0,0,BEM_DEFAULT_COMMENT,0,34,AB015E4,742792
15,IBOC,0,0,BEM_DEFAULT_COMMENT,0,34,AB015E4,742622
15,IBOC,0,0,BEM_DEFAULT_COMMENT,0,34,AB015E4,742076
15,IBOC,0,0,BEM_DEFAULT_COMMENT,0,34,AB015E4,742125
15,IBOC,0,0,BEM_DEFAULT_COMMENT,0,34,AB015E4,742142
15,IBOC,0,0,BEM_DEFAULT_COMMENT,0,34,AB015E4,741233
15,IBOC,0,0,BEM_DEFAULT_COMMENT,0,34,AB015E4,741233
15,IBOC,0,0,BEM_DEFAULT_COMMENT,0,34,AB015E4,741725
15,IBOC,0,0,BEM_DEFAULT_COMMENT,0,34,AB015E4,742611
15,IBOC,0,0,BEM_DEFAULT_COMMENT,0,34,AB015E4,742616
15,IBOC,0,0,BEM_DEFAULT_COMMENT,0,34,AB015E4,742617
15,IBOC,0,0,BEM_DEFAULT_COMMENT,0,34,AB015E4,742661
15,IBOC,0,0,BEM_DEFAULT_COMMENT,0,34,AB015E4,742662
15,IBOC,0,0,BEM_DEFAULT_COMMENT,0,34,AB015E4,742432
15,IBOC,0,0,BEM_DEFAULT_COMMENT,0,34,AB015E4,742432
15,IBOC,0,0,BEM_DEFAULT_COMMENT,0,34,AB015E4,742432
15,IBOC,0,0,BEM_DEFAULT_COMMENT,0,34,AB015E4,742452
15,IBOC,0,0,BEM_DEFAULT_COMMENT,0,34,AB015E4,742585
15,IBOC,0,0,BEM_DEFAULT_COMMENT,0,34,AB015E4,742586
15,IBOC,0,0,BEM_DEFAULT_COMMENT,0,34,AB015E4,742588
15,IBOC,0,0,BEM_DEFAULT_COMMENT,0,34,AB015E4,742611
15,IBOC,0,0,BEM_DEFAULT_COMMENT,0,34,AB015E4,742060
15,IBOC,0,0,BEM_DEFAULT_COMMENT,0,34,AB015E4,742662
15,IBOC,0,0,BEM_DEFAULT_COMMENT,0,34,AB015E4,742662
15,IBOC,0,0,BEM_DEFAULT_COMMENT,0,34,AB015E4,742660
15,IBOC,0,0,BEM_DEFAULT_COMMENT,0,34,AB015E4,741233
15,IBOC,0,0,BEM_DEFAULT_COMMENT,0,34,AB015E4,742665
15,IBOC,0,0,BEM_DEFAULT_COMMENT,0,34,AB015E4,742711
15,IBOC,0,0,BEM_DEFAULT_COMMENT,0,34,AB015E4,742712
15,IBOC,0,0,BEM_DEFAULT_COMMENT,0,34,AB015E4,742676
15,IBOC,0,0,BEM_DEFAULT_COMMENT,0,34,AB015E4,742714
