bankCode,channel,externalBatchNumber,externalSystemAuditTrailNumber,comment,reasonCode,transactionBranch,userId,customerId
15,IBOC,0,0,BEM_DEFAULT_COMMENT,0,34,IFE,10112
15,IBOC,0,0,BEM_DEFAULT_COMMENT,0,34,BTCM004,10112
15,IBOC,0,0,BEM_DEFAULT_COMMENT,0,34,G01114450,10112
15,IBOC,0,0,BEM_DEFAULT_COMMENT,0,34,E20038337,10112
15,IBOC,0,0,BEM_DEFAULT_COMMENT,0,34,G08439212,10112
15,IBOC,0,0,BEM_DEFAULT_COMMENT,0,34,G09975919,10112
15,IBOC,0,0,BEM_DEFAULT_COMMENT,0,34,BTMK069,10112
15,IBOC,0,0,BEM_DEFAULT_COMMENT,0,34,G09977066,10112
15,IBOC,0,0,BEM_DEFAULT_COMMENT,0,34,G01189914,10112
15,IBOC,0,0,BEM_DEFAULT_COMMENT,0,34,E20039717,10112
15,IBOC,0,0,BEM_DEFAULT_COMMENT,0,34,G01189819,10112
15,IBOC,0,0,BEM_DEFAULT_COMMENT,0,34,G01231248,10112
15,IBOC,0,0,BEM_DEFAULT_COMMENT,0,34,E20046382,10112
15,IBOC,0,0,BEM_DEFAULT_COMMENT,0,34,BTEM025,10112
15,IBOC,0,0,BEM_DEFAULT_COMMENT,0,34,E20043837,10112
15,IBOC,0,0,BEM_DEFAULT_COMMENT,0,34,BTGK011,10112
15,IBOC,0,0,BEM_DEFAULT_COMMENT,0,34,BTAI000,10112
15,IBOC,0,0,BEM_DEFAULT_COMMENT,0,34,BTAG002,10112
15,IBOC,0,0,BEM_DEFAULT_COMMENT,0,34,G01231246,10112
15,IBOC,0,0,BEM_DEFAULT_COMMENT,0,34,G01208111,10112
15,IBOC,0,0,BEM_DEFAULT_COMMENT,0,34,G08441837,10112
15,IBOC,0,0,BEM_DEFAULT_COMMENT,0,34,BTDM008,10112
15,IBOC,0,0,BEM_DEFAULT_COMMENT,0,34,BTKM000,10112
15,IBOC,0,0,BEM_DEFAULT_COMMENT,0,34,G01236990,10112
15,IBOC,0,0,BEM_DEFAULT_COMMENT,0,34,G01191330,10112
15,IBOC,0,0,BEM_DEFAULT_COMMENT,0,34,BTMK012,10112
15,IBOC,0,0,BEM_DEFAULT_COMMENT,0,34,BTZL001,10112
15,IBOC,0,0,BEM_DEFAULT_COMMENT,0,34,BTBM027,10112
15,IBOC,0,0,BEM_DEFAULT_COMMENT,0,34,BTAJ003,10112
15,IBOC,0,0,BEM_DEFAULT_COMMENT,0,34,BTAC020,10112
15,IBOC,0,0,BEM_DEFAULT_COMMENT,0,34,BTAJ000,10112
15,IBOC,0,0,BEM_DEFAULT_COMMENT,0,34,A59026217,10112
15,IBOC,0,0,BEM_DEFAULT_COMMENT,0,34,BTFM066,10112
15,IBOC,0,0,BEM_DEFAULT_COMMENT,0,34,G08438982,10112
15,IBOC,0,0,BEM_DEFAULT_COMMENT,0,34,G08439677,10112
15,IBOC,0,0,BEM_DEFAULT_COMMENT,0,34,T20021183,10112
15,IBOC,0,0,BEM_DEFAULT_COMMENT,0,34,T20021181,10112
15,IBOC,0,0,BEM_DEFAULT_COMMENT,0,34,BTJK008,10112
15,IBOC,0,0,BEM_DEFAULT_COMMENT,0,34,ATM,10112
15,IBOC,0,0,BEM_DEFAULT_COMMENT,0,34,BTEM095,10112
15,IBOC,0,0,BEM_DEFAULT_COMMENT,0,34,BTCS000,10112
15,IBOC,0,0,BEM_DEFAULT_COMMENT,0,34,G01222601,10112
15,IBOC,0,0,BEM_DEFAULT_COMMENT,0,34,BTRM079,10112
15,IBOC,0,0,BEM_DEFAULT_COMMENT,0,34,G08439038,10112
15,IBOC,0,0,BEM_DEFAULT_COMMENT,0,34,BTAL003,10112
15,IBOC,0,0,BEM_DEFAULT_COMMENT,0,34,BTBD000,10112
15,IBOC,0,0,BEM_DEFAULT_COMMENT,0,34,BTAA007,10112
15,IBOC,0,0,BEM_DEFAULT_COMMENT,0,34,G08439164,10112
15,IBOC,0,0,BEM_DEFAULT_COMMENT,0,34,DABP,10112
15,IBOC,0,0,BEM_DEFAULT_COMMENT,0,34,T20021185,10112
15,IBOC,0,0,BEM_DEFAULT_COMMENT,0,34,BTCM088,10112
15,IBOC,0,0,BEM_DEFAULT_COMMENT,0,34,G01222278,10112
15,IBOC,0,0,BEM_DEFAULT_COMMENT,0,34,AB013I8,10112
15,IBOC,0,0,BEM_DEFAULT_COMMENT,0,34,ABBN520,10112
15,IBOC,0,0,BEM_DEFAULT_COMMENT,0,34,AB0156T,10112
15,IBOC,0,0,BEM_DEFAULT_COMMENT,0,34,A59050563,10112
15,IBOC,0,0,BEM_DEFAULT_COMMENT,0,34,ABST576,10112
15,IBOC,0,0,BEM_DEFAULT_COMMENT,0,34,ABRG356,10112
15,IBOC,0,0,BEM_DEFAULT_COMMENT,0,34,BTGD001,10112
15,IBOC,0,0,BEM_DEFAULT_COMMENT,0,34,BTJK045,10112
15,IBOC,0,0,BEM_DEFAULT_COMMENT,0,34,G01222393,10112
15,IBOC,0,0,BEM_DEFAULT_COMMENT,0,34,G01233879,10112
15,IBOC,0,0,BEM_DEFAULT_COMMENT,0,34,G08439494,10112
15,IBOC,0,0,BEM_DEFAULT_COMMENT,0,34,AB0153L,10112
15,IBOC,0,0,BEM_DEFAULT_COMMENT,0,34,AB006J3,10112
15,IBOC,0,0,BEM_DEFAULT_COMMENT,0,34,1032711,10112
15,IBOC,0,0,BEM_DEFAULT_COMMENT,0,34,E20042603,10112
15,IBOC,0,0,BEM_DEFAULT_COMMENT,0,34,AB013S9,10112
15,IBOC,0,0,BEM_DEFAULT_COMMENT,0,34,1641,10112
15,IBOC,0,0,BEM_DEFAULT_COMMENT,0,34,AB0146U,10112
15,IBOC,0,0,BEM_DEFAULT_COMMENT,0,34,BTIM000,10112
15,IBOC,0,0,BEM_DEFAULT_COMMENT,0,34,AB0127L,10112
15,IBOC,0,0,BEM_DEFAULT_COMMENT,0,34,G08439818,10112
15,IBOC,0,0,BEM_DEFAULT_COMMENT,0,34,BTJK046,10112
15,IBOC,0,0,BEM_DEFAULT_COMMENT,0,34,BTPM020,10112
15,IBOC,0,0,BEM_DEFAULT_COMMENT,0,34,G01250417,10112
15,IBOC,0,0,BEM_DEFAULT_COMMENT,0,34,A59006070,10112
15,IBOC,0,0,BEM_DEFAULT_COMMENT,0,34,AB0127M,10112
15,IBOC,0,0,BEM_DEFAULT_COMMENT,0,34,G08439273,10112
15,IBOC,0,0,BEM_DEFAULT_COMMENT,0,34,G01252010,10112
15,IBOC,0,0,BEM_DEFAULT_COMMENT,0,34,BTAS002,10112
15,IBOC,0,0,BEM_DEFAULT_COMMENT,0,34,BTAO002,10112
15,IBOC,0,0,BEM_DEFAULT_COMMENT,0,34,BTAK006,10112
15,IBOC,0,0,BEM_DEFAULT_COMMENT,0,34,G01196241,10112
15,IBOC,0,0,BEM_DEFAULT_COMMENT,0,34,G01263982,10112
15,IBOC,0,0,BEM_DEFAULT_COMMENT,0,34,AB0138U,10112
15,IBOC,0,0,BEM_DEFAULT_COMMENT,0,34,ABSNA4R,10112
15,IBOC,0,0,BEM_DEFAULT_COMMENT,0,34,ABJE005,10112
15,IBOC,0,0,BEM_DEFAULT_COMMENT,0,34,ABJMAJC,10112
15,IBOC,0,0,BEM_DEFAULT_COMMENT,0,34,TUATBSR,10112
15,IBOC,0,0,BEM_DEFAULT_COMMENT,0,34,T20021180,10112
