bankCode,channel,externalBatchNumber,externalSystemAuditTrailNumber,comment,reasonCode,transactionBranch,userId,accountId
15,IBOC,0,0,BEM_DEFAULT_COMMENT,0,34,AB015E4,011101019459
15,IBOC,0,0,BEM_DEFAULT_COMMENT,0,34,AB015E4,034132000762
15,IBOC,0,0,BEM_DEFAULT_COMMENT,0,34,AB015E4,001103000279
15,IBOC,0,0,BEM_DEFAULT_COMMENT,0,34,AB015E4,014101007347
15,IBOC,0,0,BEM_DEFAULT_COMMENT,0,34,AB015E4,011103019728
15,IBOC,0,0,BEM_DEFAULT_COMMENT,0,34,AB015E4,011103033777
15,IBOC,0,0,BEM_DEFAULT_COMMENT,0,34,AB015E4,014160001465
15,IBOC,0,0,BEM_DEFAULT_COMMENT,0,34,AB015E4,018100000410
15,IBOC,0,0,BEM_DEFAULT_COMMENT,0,34,AB015E4,011101020309
15,IBOC,0,0,BEM_DEFAULT_COMMENT,0,34,AB015E4,005103000014
15,IBOC,0,0,BEM_DEFAULT_COMMENT,0,34,AB015E4,072203001186
15,IBOC,0,0,BEM_DEFAULT_COMMENT,0,34,AB015E4,034132000827
15,IBOC,0,0,BEM_DEFAULT_COMMENT,0,34,AB015E4,011101020341
15,IBOC,0,0,BEM_DEFAULT_COMMENT,0,34,AB015E4,011201318330
15,IBOC,0,0,BEM_DEFAULT_COMMENT,0,34,AB015E4,011202002809
15,IBOC,0,0,BEM_DEFAULT_COMMENT,0,34,AB015E4,072160000098
15,IBOC,0,0,BEM_DEFAULT_COMMENT,0,34,AB015E4,014160001414
15,IBOC,0,0,BEM_DEFAULT_COMMENT,0,34,AB015E4,014160001368
15,IBOC,0,0,BEM_DEFAULT_COMMENT,0,34,AB015E4,011108001032
15,IBOC,0,0,BEM_DEFAULT_COMMENT,0,34,AB015E4,011160000882
15,IBOC,0,0,BEM_DEFAULT_COMMENT,0,34,AB015E4,018105000842
15,IBOC,0,0,BEM_DEFAULT_COMMENT,0,34,AB015E4,020101005023
15,IBOC,0,0,BEM_DEFAULT_COMMENT,0,34,AB015E4,011107000016
15,IBOC,0,0,BEM_DEFAULT_COMMENT,0,34,AB015E4,011105015024
15,IBOC,0,0,BEM_DEFAULT_COMMENT,0,34,AB015E4,011103033661
15,IBOC,0,0,BEM_DEFAULT_COMMENT,0,34,AB015E4,038201101483
15,IBOC,0,0,BEM_DEFAULT_COMMENT,0,34,AB015E4,011157000079
15,IBOC,0,0,BEM_DEFAULT_COMMENT,0,34,AB015E4,053101001622
15,IBOC,0,0,BEM_DEFAULT_COMMENT,0,34,AB015E4,061101000105
15,IBOC,0,0,BEM_DEFAULT_COMMENT,0,34,AB015E4,022101005745
15,IBOC,0,0,BEM_DEFAULT_COMMENT,0,34,AB015E4,034132000444
15,IBOC,0,0,BEM_DEFAULT_COMMENT,0,34,AB015E4,038201101440
15,IBOC,0,0,BEM_DEFAULT_COMMENT,0,34,AB015E4,038201101475
15,IBOC,0,0,BEM_DEFAULT_COMMENT,0,34,AB015E4,072101000966
15,IBOC,0,0,BEM_DEFAULT_COMMENT,0,34,AB015E4,011104000090
15,IBOC,0,0,BEM_DEFAULT_COMMENT,0,34,AB015E4,011110000013
15,IBOC,0,0,BEM_DEFAULT_COMMENT,0,34,AB015E4,011127000038
15,IBOC,0,0,BEM_DEFAULT_COMMENT,0,34,AB015E4,034132000606
15,IBOC,0,0,BEM_DEFAULT_COMMENT,0,34,AB015E4,038201101491
15,IBOC,0,0,BEM_DEFAULT_COMMENT,0,34,AB015E4,012132000013
15,IBOC,0,0,BEM_DEFAULT_COMMENT,0,34,AB015E4,038201101521
15,IBOC,0,0,BEM_DEFAULT_COMMENT,0,34,AB015E4,074202000237
15,IBOC,0,0,BEM_DEFAULT_COMMENT,0,34,AB015E4,027132000067
15,IBOC,0,0,BEM_DEFAULT_COMMENT,0,34,AB015E4,046202002006
15,IBOC,0,0,BEM_DEFAULT_COMMENT,0,34,AB015E4,028202002768
15,IBOC,0,0,BEM_DEFAULT_COMMENT,0,34,AB015E4,072101000982
15,IBOC,0,0,BEM_DEFAULT_COMMENT,0,34,AB015E4,034132000495
15,IBOC,0,0,BEM_DEFAULT_COMMENT,0,34,AB015E4,034132000517
15,IBOC,0,0,BEM_DEFAULT_COMMENT,0,34,AB015E4,034132000525
15,IBOC,0,0,BEM_DEFAULT_COMMENT,0,34,AB015E4,011101020139
15,IBOC,0,0,BEM_DEFAULT_COMMENT,0,34,AB015E4,038201101491
15,IBOC,0,0,BEM_DEFAULT_COMMENT,0,34,AB015E4,038201101513
15,IBOC,0,0,BEM_DEFAULT_COMMENT,0,34,AB015E4,038201101432
15,IBOC,0,0,BEM_DEFAULT_COMMENT,0,34,AB015E4,072101001008
15,IBOC,0,0,BEM_DEFAULT_COMMENT,0,34,AB015E4,053101001657
15,IBOC,0,0,BEM_DEFAULT_COMMENT,0,34,AB015E4,072101001024
15,IBOC,0,0,BEM_DEFAULT_COMMENT,0,34,AB015E4,034132000592
15,IBOC,0,0,BEM_DEFAULT_COMMENT,0,34,AB015E4,075202000099
15,IBOC,0,0,BEM_DEFAULT_COMMENT,0,34,AB015E4,034132000681
15,IBOC,0,0,BEM_DEFAULT_COMMENT,0,34,AB015E4,034132000703
15,IBOC,0,0,BEM_DEFAULT_COMMENT,0,34,AB015E4,034206000104
15,IBOC,0,0,BEM_DEFAULT_COMMENT,0,34,AB015E4,034132000754
15,IBOC,0,0,BEM_DEFAULT_COMMENT,0,34,AB015E4,046132000038
15,IBOC,0,0,BEM_DEFAULT_COMMENT,0,34,AB015E4,046132000038
15,IBOC,0,0,BEM_DEFAULT_COMMENT,0,34,AB015E4,046101002136
15,IBOC,0,0,BEM_DEFAULT_COMMENT,0,34,AB015E4,027132000091
15,IBOC,0,0,BEM_DEFAULT_COMMENT,0,34,AB015E4,046132000046
15,IBOC,0,0,BEM_DEFAULT_COMMENT,0,34,AB015E4,046101002144
15,IBOC,0,0,BEM_DEFAULT_COMMENT,0,34,AB015E4,046101002152
15,IBOC,0,0,BEM_DEFAULT_COMMENT,0,34,AB015E4,027132000075
15,IBOC,0,0,BEM_DEFAULT_COMMENT,0,34,AB015E4,027132000083
15,IBOC,0,0,BEM_DEFAULT_COMMENT,0,34,AB015E4,038201101548
15,IBOC,0,0,BEM_DEFAULT_COMMENT,0,34,AB015E4,038201101564
15,IBOC,0,0,BEM_DEFAULT_COMMENT,0,34,AB015E4,034132000711
15,IBOC,0,0,BEM_DEFAULT_COMMENT,0,34,AB015E4,014202002576
15,IBOC,0,0,BEM_DEFAULT_COMMENT,0,34,AB015E4,019204000240
15,IBOC,0,0,BEM_DEFAULT_COMMENT,0,34,AB015E4,034206000112
15,IBOC,0,0,BEM_DEFAULT_COMMENT,0,34,AB015E4,027132000113
15,IBOC,0,0,BEM_DEFAULT_COMMENT,0,34,AB015E4,027132000105
15,IBOC,0,0,BEM_DEFAULT_COMMENT,0,34,AB015E4,015201197494
15,IBOC,0,0,BEM_DEFAULT_COMMENT,0,34,AB015E4,014206000012
15,IBOC,0,0,BEM_DEFAULT_COMMENT,0,34,AB015E4,018113000031
15,IBOC,0,0,BEM_DEFAULT_COMMENT,0,34,AB015E4,011103033688
15,IBOC,0,0,BEM_DEFAULT_COMMENT,0,34,AB015E4,011105015032
15,IBOC,0,0,BEM_DEFAULT_COMMENT,0,34,AB015E4,018103011812
15,IBOC,0,0,BEM_DEFAULT_COMMENT,0,34,AB015E4,018105000834
15,IBOC,0,0,BEM_DEFAULT_COMMENT,0,34,AB015E4,018103011839
15,IBOC,0,0,BEM_DEFAULT_COMMENT,0,34,AB015E4,018103011847
15,IBOC,0,0,BEM_DEFAULT_COMMENT,0,34,AB015E4,018105000850
15,IBOC,0,0,BEM_DEFAULT_COMMENT,0,34,AB015E4,018103011855
15,IBOC,0,0,BEM_DEFAULT_COMMENT,0,34,AB015E4,018103011863
15,IBOC,0,0,BEM_DEFAULT_COMMENT,0,34,AB015E4,022101005729
15,IBOC,0,0,BEM_DEFAULT_COMMENT,0,34,AB015E4,038201101408
15,IBOC,0,0,BEM_DEFAULT_COMMENT,0,34,AB015E4,038201101424
15,IBOC,0,0,BEM_DEFAULT_COMMENT,0,34,AB015E4,038201101467
15,IBOC,0,0,BEM_DEFAULT_COMMENT,0,34,AB015E4,034132000452
15,IBOC,0,0,BEM_DEFAULT_COMMENT,0,34,AB015E4,072101000974
15,IBOC,0,0,BEM_DEFAULT_COMMENT,0,34,AB015E4,034132000479
15,IBOC,0,0,BEM_DEFAULT_COMMENT,0,34,AB015E4,034132000487
15,IBOC,0,0,BEM_DEFAULT_COMMENT,0,34,AB015E4,022101005753
15,IBOC,0,0,BEM_DEFAULT_COMMENT,0,34,AB015E4,072101001032
15,IBOC,0,0,BEM_DEFAULT_COMMENT,0,34,AB015E4,034132000509
15,IBOC,0,0,BEM_DEFAULT_COMMENT,0,34,AB015E4,053101001630
15,IBOC,0,0,BEM_DEFAULT_COMMENT,0,34,AB015E4,018105000869
15,IBOC,0,0,BEM_DEFAULT_COMMENT,0,34,AB015E4,071202000340
15,IBOC,0,0,BEM_DEFAULT_COMMENT,0,34,AB015E4,034132000991
15,IBOC,0,0,BEM_DEFAULT_COMMENT,0,34,AB015E4,034132001017
15,IBOC,0,0,BEM_DEFAULT_COMMENT,0,34,AB015E4,034132001025
15,IBOC,0,0,BEM_DEFAULT_COMMENT,0,34,AB015E4,034132001033
15,IBOC,0,0,BEM_DEFAULT_COMMENT,0,34,AB015E4,014160000493
15,IBOC,0,0,BEM_DEFAULT_COMMENT,0,34,AB015E4,014101007312
15,IBOC,0,0,BEM_DEFAULT_COMMENT,0,34,AB015E4,011160000688
15,IBOC,0,0,BEM_DEFAULT_COMMENT,0,34,AB015E4,014160000566
15,IBOC,0,0,BEM_DEFAULT_COMMENT,0,34,AB015E4,011160000696
15,IBOC,0,0,BEM_DEFAULT_COMMENT,0,34,AB015E4,018103011928
15,IBOC,0,0,BEM_DEFAULT_COMMENT,0,34,AB015E4,014203003908
15,IBOC,0,0,BEM_DEFAULT_COMMENT,0,34,AB015E4,014203003924
15,IBOC,0,0,BEM_DEFAULT_COMMENT,0,34,AB015E4,014203003940
15,IBOC,0,0,BEM_DEFAULT_COMMENT,0,34,AB015E4,014203003975
15,IBOC,0,0,BEM_DEFAULT_COMMENT,0,34,AB015E4,014203004017
15,IBOC,0,0,BEM_DEFAULT_COMMENT,0,34,AB015E4,014203004025
15,IBOC,0,0,BEM_DEFAULT_COMMENT,0,34,AB015E4,014203004084
15,IBOC,0,0,BEM_DEFAULT_COMMENT,0,34,AB015E4,014203004106
15,IBOC,0,0,BEM_DEFAULT_COMMENT,0,34,AB015E4,014203004149
15,IBOC,0,0,BEM_DEFAULT_COMMENT,0,34,AB015E4,014203004254
15,IBOC,0,0,BEM_DEFAULT_COMMENT,0,34,AB015E4,018103011871
15,IBOC,0,0,BEM_DEFAULT_COMMENT,0,34,AB015E4,014160000094
15,IBOC,0,0,BEM_DEFAULT_COMMENT,0,34,AB015E4,020101005317
15,IBOC,0,0,BEM_DEFAULT_COMMENT,0,34,AB015E4,020101005252
15,IBOC,0,0,BEM_DEFAULT_COMMENT,0,34,AB015E4,020101005260
15,IBOC,0,0,BEM_DEFAULT_COMMENT,0,34,AB015E4,020101005287
15,IBOC,0,0,BEM_DEFAULT_COMMENT,0,34,AB015E4,011160000084
15,IBOC,0,0,BEM_DEFAULT_COMMENT,0,34,AB015E4,011160000653
15,IBOC,0,0,BEM_DEFAULT_COMMENT,0,34,AB015E4,020101005511
15,IBOC,0,0,BEM_DEFAULT_COMMENT,0,34,AB015E4,014203003061
15,IBOC,0,0,BEM_DEFAULT_COMMENT,0,34,AB015E4,011160000092
15,IBOC,0,0,BEM_DEFAULT_COMMENT,0,34,AB015E4,014203003096
15,IBOC,0,0,BEM_DEFAULT_COMMENT,0,34,AB015E4,020101005333
15,IBOC,0,0,BEM_DEFAULT_COMMENT,0,34,AB015E4,011160000165
15,IBOC,0,0,BEM_DEFAULT_COMMENT,0,34,AB015E4,011160000173
15,IBOC,0,0,BEM_DEFAULT_COMMENT,0,34,AB015E4,014203003142
15,IBOC,0,0,BEM_DEFAULT_COMMENT,0,34,AB015E4,011160000203
15,IBOC,0,0,BEM_DEFAULT_COMMENT,0,34,AB015E4,014203003177
15,IBOC,0,0,BEM_DEFAULT_COMMENT,0,34,AB015E4,014160000019
15,IBOC,0,0,BEM_DEFAULT_COMMENT,0,34,AB015E4,014203003231
15,IBOC,0,0,BEM_DEFAULT_COMMENT,0,34,AB015E4,034132000967
15,IBOC,0,0,BEM_DEFAULT_COMMENT,0,34,AB015E4,034132000975
15,IBOC,0,0,BEM_DEFAULT_COMMENT,0,34,AB015E4,082103000218
15,IBOC,0,0,BEM_DEFAULT_COMMENT,0,34,AB015E4,074160000017
15,IBOC,0,0,BEM_DEFAULT_COMMENT,0,34,AB015E4,074160000025
15,IBOC,0,0,BEM_DEFAULT_COMMENT,0,34,AB015E4,020101005341
15,IBOC,0,0,BEM_DEFAULT_COMMENT,0,34,AB015E4,011160000440
15,IBOC,0,0,BEM_DEFAULT_COMMENT,0,34,AB015E4,011160000157
15,IBOC,0,0,BEM_DEFAULT_COMMENT,0,34,AB015E4,011160000041
15,IBOC,0,0,BEM_DEFAULT_COMMENT,0,34,AB015E4,020101005503
15,IBOC,0,0,BEM_DEFAULT_COMMENT,0,34,AB015E4,011160000726
15,IBOC,0,0,BEM_DEFAULT_COMMENT,0,34,AB015E4,034132000886
15,IBOC,0,0,BEM_DEFAULT_COMMENT,0,34,AB015E4,034132000983
15,IBOC,0,0,BEM_DEFAULT_COMMENT,0,34,AB015E4,020101005325
15,IBOC,0,0,BEM_DEFAULT_COMMENT,0,34,AB015E4,020101005368
15,IBOC,0,0,BEM_DEFAULT_COMMENT,0,34,AB015E4,011160000424
15,IBOC,0,0,BEM_DEFAULT_COMMENT,0,34,AB015E4,014203004262
15,IBOC,0,0,BEM_DEFAULT_COMMENT,0,34,AB015E4,014203004297
15,IBOC,0,0,BEM_DEFAULT_COMMENT,0,34,AB015E4,011160000300
15,IBOC,0,0,BEM_DEFAULT_COMMENT,0,34,AB015E4,014203004300
15,IBOC,0,0,BEM_DEFAULT_COMMENT,0,34,AB015E4,014160000663
15,IBOC,0,0,BEM_DEFAULT_COMMENT,0,34,AB015E4,020101005473
15,IBOC,0,0,BEM_DEFAULT_COMMENT,0,34,AB015E4,020101005600
15,IBOC,0,0,BEM_DEFAULT_COMMENT,0,34,AB015E4,020101005619
15,IBOC,0,0,BEM_DEFAULT_COMMENT,0,34,AB015E4,014160000108
15,IBOC,0,0,BEM_DEFAULT_COMMENT,0,34,AB015E4,014160000116
15,IBOC,0,0,BEM_DEFAULT_COMMENT,0,34,AB015E4,014160000426
15,IBOC,0,0,BEM_DEFAULT_COMMENT,0,34,AB015E4,014160000477
15,IBOC,0,0,BEM_DEFAULT_COMMENT,0,34,AB015E4,014160000515
15,IBOC,0,0,BEM_DEFAULT_COMMENT,0,34,AB015E4,014160000531
15,IBOC,0,0,BEM_DEFAULT_COMMENT,0,34,AB015E4,014160000582
15,IBOC,0,0,BEM_DEFAULT_COMMENT,0,34,AB015E4,014160000604
15,IBOC,0,0,BEM_DEFAULT_COMMENT,0,34,AB015E4,014203003053
15,IBOC,0,0,BEM_DEFAULT_COMMENT,0,34,AB015E4,034132000673
15,IBOC,0,0,BEM_DEFAULT_COMMENT,0,34,AB015E4,034132000738
15,IBOC,0,0,BEM_DEFAULT_COMMENT,0,34,AB015E4,020101005392
15,IBOC,0,0,BEM_DEFAULT_COMMENT,0,34,AB015E4,011160000122
15,IBOC,0,0,BEM_DEFAULT_COMMENT,0,34,AB015E4,011232000022
15,IBOC,0,0,BEM_DEFAULT_COMMENT,0,34,AB015E4,011160000106
15,IBOC,0,0,BEM_DEFAULT_COMMENT,0,34,AB015E4,020101005406
15,IBOC,0,0,BEM_DEFAULT_COMMENT,0,34,AB015E4,011160000068
15,IBOC,0,0,BEM_DEFAULT_COMMENT,0,34,AB015E4,011160000076
15,IBOC,0,0,BEM_DEFAULT_COMMENT,0,34,AB015E4,011160000432
15,IBOC,0,0,BEM_DEFAULT_COMMENT,0,34,AB015E4,014160000159
15,IBOC,0,0,BEM_DEFAULT_COMMENT,0,34,AB015E4,011160000629
15,IBOC,0,0,BEM_DEFAULT_COMMENT,0,34,AB015E4,011160000637
15,IBOC,0,0,BEM_DEFAULT_COMMENT,0,34,AB015E4,014160000175
15,IBOC,0,0,BEM_DEFAULT_COMMENT,0,34,AB015E4,014160000205
15,IBOC,0,0,BEM_DEFAULT_COMMENT,0,34,AB015E4,014160000213
15,IBOC,0,0,BEM_DEFAULT_COMMENT,0,34,AB015E4,014160000302
15,IBOC,0,0,BEM_DEFAULT_COMMENT,0,34,AB015E4,020101005309
15,IBOC,0,0,BEM_DEFAULT_COMMENT,0,34,AB015E4,020101005481
15,IBOC,0,0,BEM_DEFAULT_COMMENT,0,34,AB015E4,014160000132
15,IBOC,0,0,BEM_DEFAULT_COMMENT,0,34,AB015E4,014160000191
15,IBOC,0,0,BEM_DEFAULT_COMMENT,0,34,AB015E4,014160000248
15,IBOC,0,0,BEM_DEFAULT_COMMENT,0,34,AB015E4,014160000256
15,IBOC,0,0,BEM_DEFAULT_COMMENT,0,34,AB015E4,072160000020
15,IBOC,0,0,BEM_DEFAULT_COMMENT,0,34,AB015E4,014160000310
15,IBOC,0,0,BEM_DEFAULT_COMMENT,0,34,AB015E4,014160000787
15,IBOC,0,0,BEM_DEFAULT_COMMENT,0,34,AB015E4,011160000114
15,IBOC,0,0,BEM_DEFAULT_COMMENT,0,34,AB015E4,020101005414
15,IBOC,0,0,BEM_DEFAULT_COMMENT,0,34,AB015E4,020101005449
15,IBOC,0,0,BEM_DEFAULT_COMMENT,0,34,AB015E4,011160000149
15,IBOC,0,0,BEM_DEFAULT_COMMENT,0,34,AB015E4,011160000211
15,IBOC,0,0,BEM_DEFAULT_COMMENT,0,34,AB015E4,011160000238
15,IBOC,0,0,BEM_DEFAULT_COMMENT,0,34,AB015E4,011160000246
15,IBOC,0,0,BEM_DEFAULT_COMMENT,0,34,AB015E4,014203003088
15,IBOC,0,0,BEM_DEFAULT_COMMENT,0,34,AB015E4,011160000262
15,IBOC,0,0,BEM_DEFAULT_COMMENT,0,34,AB015E4,014203003118
15,IBOC,0,0,BEM_DEFAULT_COMMENT,0,34,AB015E4,011160000394
15,IBOC,0,0,BEM_DEFAULT_COMMENT,0,34,AB015E4,034132000894
15,IBOC,0,0,BEM_DEFAULT_COMMENT,0,34,AB015E4,034132000878
15,IBOC,0,0,BEM_DEFAULT_COMMENT,0,34,AB015E4,034132000932
15,IBOC,0,0,BEM_DEFAULT_COMMENT,0,34,AB015E4,020101005422
15,IBOC,0,0,BEM_DEFAULT_COMMENT,0,34,AB015E4,020101005430
15,IBOC,0,0,BEM_DEFAULT_COMMENT,0,34,AB015E4,014203003355
15,IBOC,0,0,BEM_DEFAULT_COMMENT,0,34,AB015E4,014203003398
15,IBOC,0,0,BEM_DEFAULT_COMMENT,0,34,AB015E4,014216000015
15,IBOC,0,0,BEM_DEFAULT_COMMENT,0,34,AB015E4,074160000033
15,IBOC,0,0,BEM_DEFAULT_COMMENT,0,34,AB015E4,014203003495
15,IBOC,0,0,BEM_DEFAULT_COMMENT,0,34,AB015E4,014203003525
15,IBOC,0,0,BEM_DEFAULT_COMMENT,0,34,AB015E4,014203003533
15,IBOC,0,0,BEM_DEFAULT_COMMENT,0,34,AB015E4,071132000014
15,IBOC,0,0,BEM_DEFAULT_COMMENT,0,34,AB015E4,034132000665
15,IBOC,0,0,BEM_DEFAULT_COMMENT,0,34,AB015E4,073160000028
15,IBOC,0,0,BEM_DEFAULT_COMMENT,0,34,AB015E4,020101005457
15,IBOC,0,0,BEM_DEFAULT_COMMENT,0,34,AB015E4,014203002979
15,IBOC,0,0,BEM_DEFAULT_COMMENT,0,34,AB015E4,005101000017
15,IBOC,0,0,BEM_DEFAULT_COMMENT,0,34,AB015E4,014203003002
15,IBOC,0,0,BEM_DEFAULT_COMMENT,0,34,AB015E4,014203003517
15,IBOC,0,0,BEM_DEFAULT_COMMENT,0,34,AB015E4,014203003576
15,IBOC,0,0,BEM_DEFAULT_COMMENT,0,34,AB015E4,014203003614
15,IBOC,0,0,BEM_DEFAULT_COMMENT,0,34,AB015E4,014203003665
15,IBOC,0,0,BEM_DEFAULT_COMMENT,0,34,AB015E4,014160000183
15,IBOC,0,0,BEM_DEFAULT_COMMENT,0,34,AB015E4,014160000221
15,IBOC,0,0,BEM_DEFAULT_COMMENT,0,34,AB015E4,014160000264
15,IBOC,0,0,BEM_DEFAULT_COMMENT,0,34,AB015E4,014160000272
15,IBOC,0,0,BEM_DEFAULT_COMMENT,0,34,AB015E4,072160000039
15,IBOC,0,0,BEM_DEFAULT_COMMENT,0,34,AB015E4,072203000953
15,IBOC,0,0,BEM_DEFAULT_COMMENT,0,34,AB015E4,072203000961
15,IBOC,0,0,BEM_DEFAULT_COMMENT,0,34,AB015E4,014203004491
15,IBOC,0,0,BEM_DEFAULT_COMMENT,0,34,AB015E4,014203004572
15,IBOC,0,0,BEM_DEFAULT_COMMENT,0,34,AB015E4,072203001054
15,IBOC,0,0,BEM_DEFAULT_COMMENT,0,34,AB015E4,046101002187
15,IBOC,0,0,BEM_DEFAULT_COMMENT,0,34,AB015E4,011160000459
15,IBOC,0,0,BEM_DEFAULT_COMMENT,0,34,AB015E4,011160000467
15,IBOC,0,0,BEM_DEFAULT_COMMENT,0,34,AB015E4,011160000475
15,IBOC,0,0,BEM_DEFAULT_COMMENT,0,34,AB015E4,011160000483
15,IBOC,0,0,BEM_DEFAULT_COMMENT,0,34,AB015E4,011160000491
15,IBOC,0,0,BEM_DEFAULT_COMMENT,0,34,AB015E4,011160000513
15,IBOC,0,0,BEM_DEFAULT_COMMENT,0,34,AB015E4,011160000610
15,IBOC,0,0,BEM_DEFAULT_COMMENT,0,34,AB015E4,011232000030
15,IBOC,0,0,BEM_DEFAULT_COMMENT,0,34,AB015E4,011232000049
15,IBOC,0,0,BEM_DEFAULT_COMMENT,0,34,AB015E4,014203003134
15,IBOC,0,0,BEM_DEFAULT_COMMENT,0,34,AB015E4,034132000460
15,IBOC,0,0,BEM_DEFAULT_COMMENT,0,34,AB015E4,020106000100
15,IBOC,0,0,BEM_DEFAULT_COMMENT,0,34,AB015E4,020101005554
15,IBOC,0,0,BEM_DEFAULT_COMMENT,0,34,AB015E4,014203003541
15,IBOC,0,0,BEM_DEFAULT_COMMENT,0,34,AB015E4,014203003568
15,IBOC,0,0,BEM_DEFAULT_COMMENT,0,34,AB015E4,014203003584
15,IBOC,0,0,BEM_DEFAULT_COMMENT,0,34,AB015E4,014203003606
15,IBOC,0,0,BEM_DEFAULT_COMMENT,0,34,AB015E4,014203003622
15,IBOC,0,0,BEM_DEFAULT_COMMENT,0,34,AB015E4,014203003630
15,IBOC,0,0,BEM_DEFAULT_COMMENT,0,34,AB015E4,014203003673
15,IBOC,0,0,BEM_DEFAULT_COMMENT,0,34,AB015E4,034132001041
15,IBOC,0,0,BEM_DEFAULT_COMMENT,0,34,AB015E4,011160000017
15,IBOC,0,0,BEM_DEFAULT_COMMENT,0,34,AB015E4,014203003703
15,IBOC,0,0,BEM_DEFAULT_COMMENT,0,34,AB015E4,014203003754
15,IBOC,0,0,BEM_DEFAULT_COMMENT,0,34,AB015E4,014203003770
15,IBOC,0,0,BEM_DEFAULT_COMMENT,0,34,AB015E4,014203003789
15,IBOC,0,0,BEM_DEFAULT_COMMENT,0,34,AB015E4,014203003797
15,IBOC,0,0,BEM_DEFAULT_COMMENT,0,34,AB015E4,014203003819
15,IBOC,0,0,BEM_DEFAULT_COMMENT,0,34,AB015E4,014203004076
15,IBOC,0,0,BEM_DEFAULT_COMMENT,0,34,AB015E4,014203004114
15,IBOC,0,0,BEM_DEFAULT_COMMENT,0,34,AB015E4,014203004130
15,IBOC,0,0,BEM_DEFAULT_COMMENT,0,34,AB015E4,014203004602
15,IBOC,0,0,BEM_DEFAULT_COMMENT,0,34,AB015E4,072203001046
15,IBOC,0,0,BEM_DEFAULT_COMMENT,0,34,AB015E4,011160000807
15,IBOC,0,0,BEM_DEFAULT_COMMENT,0,34,AB015E4,037206000025
15,IBOC,0,0,BEM_DEFAULT_COMMENT,0,34,AB015E4,011160000823
15,IBOC,0,0,BEM_DEFAULT_COMMENT,0,34,AB015E4,014160000833
15,IBOC,0,0,BEM_DEFAULT_COMMENT,0,34,AB015E4,014160000876
15,IBOC,0,0,BEM_DEFAULT_COMMENT,0,34,AB015E4,014160000906
15,IBOC,0,0,BEM_DEFAULT_COMMENT,0,34,AB015E4,014203004637
15,IBOC,0,0,BEM_DEFAULT_COMMENT,0,34,AB015E4,011101020198
15,IBOC,0,0,BEM_DEFAULT_COMMENT,0,34,AB015E4,011101020201
15,IBOC,0,0,BEM_DEFAULT_COMMENT,0,34,AB015E4,014203003207
15,IBOC,0,0,BEM_DEFAULT_COMMENT,0,34,AB015E4,014203003274
15,IBOC,0,0,BEM_DEFAULT_COMMENT,0,34,AB015E4,014203003320
15,IBOC,0,0,BEM_DEFAULT_COMMENT,0,34,AB015E4,014203003339
15,IBOC,0,0,BEM_DEFAULT_COMMENT,0,34,AB015E4,011160000750
15,IBOC,0,0,BEM_DEFAULT_COMMENT,0,34,AB015E4,011203002624
15,IBOC,0,0,BEM_DEFAULT_COMMENT,0,34,AB015E4,014203003401
15,IBOC,0,0,BEM_DEFAULT_COMMENT,0,34,AB015E4,014203003436
15,IBOC,0,0,BEM_DEFAULT_COMMENT,0,34,AB015E4,014203003444
15,IBOC,0,0,BEM_DEFAULT_COMMENT,0,34,AB015E4,014216000023
15,IBOC,0,0,BEM_DEFAULT_COMMENT,0,34,AB015E4,014203003479
15,IBOC,0,0,BEM_DEFAULT_COMMENT,0,34,AB015E4,014203004211
15,IBOC,0,0,BEM_DEFAULT_COMMENT,0,34,AB015E4,014203003681
15,IBOC,0,0,BEM_DEFAULT_COMMENT,0,34,AB015E4,014203003762
15,IBOC,0,0,BEM_DEFAULT_COMMENT,0,34,AB015E4,011160000777
15,IBOC,0,0,BEM_DEFAULT_COMMENT,0,34,AB015E4,014203003827
15,IBOC,0,0,BEM_DEFAULT_COMMENT,0,34,AB015E4,014203003835
15,IBOC,0,0,BEM_DEFAULT_COMMENT,0,34,AB015E4,014203003843
15,IBOC,0,0,BEM_DEFAULT_COMMENT,0,34,AB015E4,014203003851
15,IBOC,0,0,BEM_DEFAULT_COMMENT,0,34,AB015E4,014203003878
15,IBOC,0,0,BEM_DEFAULT_COMMENT,0,34,AB015E4,014203003894
15,IBOC,0,0,BEM_DEFAULT_COMMENT,0,34,AB015E4,014203003916
15,IBOC,0,0,BEM_DEFAULT_COMMENT,0,34,AB015E4,014203003932
15,IBOC,0,0,BEM_DEFAULT_COMMENT,0,34,AB015E4,014203003967
15,IBOC,0,0,BEM_DEFAULT_COMMENT,0,34,AB015E4,014203004157
15,IBOC,0,0,BEM_DEFAULT_COMMENT,0,34,AB015E4,014203004165
15,IBOC,0,0,BEM_DEFAULT_COMMENT,0,34,AB015E4,014203004238
15,IBOC,0,0,BEM_DEFAULT_COMMENT,0,34,AB015E4,014203004270
15,IBOC,0,0,BEM_DEFAULT_COMMENT,0,34,AB015E4,014203004327
15,IBOC,0,0,BEM_DEFAULT_COMMENT,0,34,AB015E4,014203004335
15,IBOC,0,0,BEM_DEFAULT_COMMENT,0,34,AB015E4,014203004343
15,IBOC,0,0,BEM_DEFAULT_COMMENT,0,34,AB015E4,014203004386
15,IBOC,0,0,BEM_DEFAULT_COMMENT,0,34,AB015E4,014203004408
15,IBOC,0,0,BEM_DEFAULT_COMMENT,0,34,AB015E4,020101005538
15,IBOC,0,0,BEM_DEFAULT_COMMENT,0,34,AB015E4,002103000578
15,IBOC,0,0,BEM_DEFAULT_COMMENT,0,34,AB015E4,011101020325
15,IBOC,0,0,BEM_DEFAULT_COMMENT,0,34,AB015E4,011160000947
15,IBOC,0,0,BEM_DEFAULT_COMMENT,0,34,AB015E4,014203004653
15,IBOC,0,0,BEM_DEFAULT_COMMENT,0,34,AB015E4,011101020414
15,IBOC,0,0,BEM_DEFAULT_COMMENT,0,34,AB015E4,011160000025
15,IBOC,0,0,BEM_DEFAULT_COMMENT,0,34,AB015E4,011160000033
15,IBOC,0,0,BEM_DEFAULT_COMMENT,0,34,AB015E4,014203004246
15,IBOC,0,0,BEM_DEFAULT_COMMENT,0,34,AB015E4,014203004289
15,IBOC,0,0,BEM_DEFAULT_COMMENT,0,34,AB015E4,014203004319
15,IBOC,0,0,BEM_DEFAULT_COMMENT,0,34,AB015E4,014203004351
15,IBOC,0,0,BEM_DEFAULT_COMMENT,0,34,AB015E4,014203004394
15,IBOC,0,0,BEM_DEFAULT_COMMENT,0,34,AB015E4,014203003983
15,IBOC,0,0,BEM_DEFAULT_COMMENT,0,34,AB015E4,014203003991
15,IBOC,0,0,BEM_DEFAULT_COMMENT,0,34,AB015E4,014203004009
15,IBOC,0,0,BEM_DEFAULT_COMMENT,0,34,AB015E4,014203004033
15,IBOC,0,0,BEM_DEFAULT_COMMENT,0,34,AB015E4,014203004068
15,IBOC,0,0,BEM_DEFAULT_COMMENT,0,34,AB015E4,014203004092
15,IBOC,0,0,BEM_DEFAULT_COMMENT,0,34,AB015E4,014203004122
15,IBOC,0,0,BEM_DEFAULT_COMMENT,0,34,AB015E4,014203004378
15,IBOC,0,0,BEM_DEFAULT_COMMENT,0,34,AB015E4,014203004416
15,IBOC,0,0,BEM_DEFAULT_COMMENT,0,34,AB015E4,072203000937
15,IBOC,0,0,BEM_DEFAULT_COMMENT,0,34,AB015E4,022104000019
15,IBOC,0,0,BEM_DEFAULT_COMMENT,0,34,AB015E4,014206000020
15,IBOC,0,0,BEM_DEFAULT_COMMENT,0,34,AB015E4,018201111478
15,IBOC,0,0,BEM_DEFAULT_COMMENT,0,34,AB015E4,014203004432
15,IBOC,0,0,BEM_DEFAULT_COMMENT,0,34,AB015E4,014203004440
15,IBOC,0,0,BEM_DEFAULT_COMMENT,0,34,AB015E4,014203004475
15,IBOC,0,0,BEM_DEFAULT_COMMENT,0,34,AB015E4,014203004556
15,IBOC,0,0,BEM_DEFAULT_COMMENT,0,34,AB015E4,014203004580
15,IBOC,0,0,BEM_DEFAULT_COMMENT,0,34,AB015E4,014203004599
15,IBOC,0,0,BEM_DEFAULT_COMMENT,0,34,AB015E4,011160000890
15,IBOC,0,0,BEM_DEFAULT_COMMENT,0,34,AB015E4,034132001009
15,IBOC,0,0,BEM_DEFAULT_COMMENT,0,34,AB015E4,020101005546
15,IBOC,0,0,BEM_DEFAULT_COMMENT,0,34,AB015E4,012104000012
15,IBOC,0,0,BEM_DEFAULT_COMMENT,0,34,AB015E4,014216000058
15,IBOC,0,0,BEM_DEFAULT_COMMENT,0,34,AB015E4,011160000831
15,IBOC,0,0,BEM_DEFAULT_COMMENT,0,34,AB015E4,014203004424
15,IBOC,0,0,BEM_DEFAULT_COMMENT,0,34,AB015E4,014203004459
15,IBOC,0,0,BEM_DEFAULT_COMMENT,0,34,AB015E4,014203004467
15,IBOC,0,0,BEM_DEFAULT_COMMENT,0,34,AB015E4,014203004483
15,IBOC,0,0,BEM_DEFAULT_COMMENT,0,34,AB015E4,014160000655
15,IBOC,0,0,BEM_DEFAULT_COMMENT,0,34,AB015E4,014203004564
15,IBOC,0,0,BEM_DEFAULT_COMMENT,0,34,AB015E4,014160000825
15,IBOC,0,0,BEM_DEFAULT_COMMENT,0,34,AB015E4,011103033726
15,IBOC,0,0,BEM_DEFAULT_COMMENT,0,34,AB015E4,014216000031
15,IBOC,0,0,BEM_DEFAULT_COMMENT,0,34,AB015E4,011160000785
15,IBOC,0,0,BEM_DEFAULT_COMMENT,0,34,AB015E4,011160000254
15,IBOC,0,0,BEM_DEFAULT_COMMENT,0,34,AB015E4,014160000701
15,IBOC,0,0,BEM_DEFAULT_COMMENT,0,34,AB015E4,014160000736
15,IBOC,0,0,BEM_DEFAULT_COMMENT,0,34,AB015E4,072203000945
15,IBOC,0,0,BEM_DEFAULT_COMMENT,0,34,AB015E4,014160000779
15,IBOC,0,0,BEM_DEFAULT_COMMENT,0,34,AB015E4,014160000795
15,IBOC,0,0,BEM_DEFAULT_COMMENT,0,34,AB015E4,014160000809
15,IBOC,0,0,BEM_DEFAULT_COMMENT,0,34,AB015E4,072203000988
15,IBOC,0,0,BEM_DEFAULT_COMMENT,0,34,AB015E4,014160000817
15,IBOC,0,0,BEM_DEFAULT_COMMENT,0,34,AB015E4,011232000065
15,IBOC,0,0,BEM_DEFAULT_COMMENT,0,34,AB015E4,011160000858
15,IBOC,0,0,BEM_DEFAULT_COMMENT,0,34,AB015E4,014203004742
15,IBOC,0,0,BEM_DEFAULT_COMMENT,0,34,AB015E4,018105000818
15,IBOC,0,0,BEM_DEFAULT_COMMENT,0,34,AB015E4,072160000071
15,IBOC,0,0,BEM_DEFAULT_COMMENT,0,34,AB015E4,018105000826
15,IBOC,0,0,BEM_DEFAULT_COMMENT,0,34,AB015E4,018103011804
15,IBOC,0,0,BEM_DEFAULT_COMMENT,0,34,AB015E4,011202002817
15,IBOC,0,0,BEM_DEFAULT_COMMENT,0,34,AB015E4,011202002825
15,IBOC,0,0,BEM_DEFAULT_COMMENT,0,34,AB015E4,014216000066
15,IBOC,0,0,BEM_DEFAULT_COMMENT,0,34,AB015E4,011160000866
15,IBOC,0,0,BEM_DEFAULT_COMMENT,0,34,AB015E4,011160000874
15,IBOC,0,0,BEM_DEFAULT_COMMENT,0,34,AB015E4,011201318322
15,IBOC,0,0,BEM_DEFAULT_COMMENT,0,34,AB015E4,020101005139
15,IBOC,0,0,BEM_DEFAULT_COMMENT,0,34,AB015E4,020101005147
15,IBOC,0,0,BEM_DEFAULT_COMMENT,0,34,AB015E4,072203001011
15,IBOC,0,0,BEM_DEFAULT_COMMENT,0,34,AB015E4,072203001038
15,IBOC,0,0,BEM_DEFAULT_COMMENT,0,34,AB015E4,001100000596
15,IBOC,0,0,BEM_DEFAULT_COMMENT,0,34,AB015E4,011202002841
15,IBOC,0,0,BEM_DEFAULT_COMMENT,0,34,AB015E4,011101020163
15,IBOC,0,0,BEM_DEFAULT_COMMENT,0,34,AB015E4,011101020228
15,IBOC,0,0,BEM_DEFAULT_COMMENT,0,34,AB015E4,011101020244
15,IBOC,0,0,BEM_DEFAULT_COMMENT,0,34,AB015E4,002103000551
15,IBOC,0,0,BEM_DEFAULT_COMMENT,0,34,AB015E4,072203000996
15,IBOC,0,0,BEM_DEFAULT_COMMENT,0,34,AB015E4,072203001003
15,IBOC,0,0,BEM_DEFAULT_COMMENT,0,34,AB015E4,014203004513
15,IBOC,0,0,BEM_DEFAULT_COMMENT,0,34,AB015E4,014203004548
15,IBOC,0,0,BEM_DEFAULT_COMMENT,0,34,AB015E4,014203004610
15,IBOC,0,0,BEM_DEFAULT_COMMENT,0,34,AB015E4,014206000039
15,IBOC,0,0,BEM_DEFAULT_COMMENT,0,34,AB015E4,047201040696
15,IBOC,0,0,BEM_DEFAULT_COMMENT,0,34,AB015E4,015105003173
15,IBOC,0,0,BEM_DEFAULT_COMMENT,0,34,AB015E4,020101005562
15,IBOC,0,0,BEM_DEFAULT_COMMENT,0,34,AB015E4,011101020236
15,IBOC,0,0,BEM_DEFAULT_COMMENT,0,34,AB015E4,014160000922
15,IBOC,0,0,BEM_DEFAULT_COMMENT,0,34,AB015E4,014160000930
15,IBOC,0,0,BEM_DEFAULT_COMMENT,0,34,AB015E4,011101020252
15,IBOC,0,0,BEM_DEFAULT_COMMENT,0,34,AB015E4,011101020260
15,IBOC,0,0,BEM_DEFAULT_COMMENT,0,34,AB015E4,011101020279
15,IBOC,0,0,BEM_DEFAULT_COMMENT,0,34,AB015E4,011160000904
15,IBOC,0,0,BEM_DEFAULT_COMMENT,0,34,AB015E4,011216000072
15,IBOC,0,0,BEM_DEFAULT_COMMENT,0,34,AB015E4,011160000912
15,IBOC,0,0,BEM_DEFAULT_COMMENT,0,34,AB015E4,034132000908
15,IBOC,0,0,BEM_DEFAULT_COMMENT,0,34,AB015E4,034132000924
15,IBOC,0,0,BEM_DEFAULT_COMMENT,0,34,AB015E4,014160000035
15,IBOC,0,0,BEM_DEFAULT_COMMENT,0,34,AB015E4,014160000043
15,IBOC,0,0,BEM_DEFAULT_COMMENT,0,34,AB015E4,011160000580
15,IBOC,0,0,BEM_DEFAULT_COMMENT,0,34,AB015E4,014160000078
15,IBOC,0,0,BEM_DEFAULT_COMMENT,0,34,AB015E4,014160000086
15,IBOC,0,0,BEM_DEFAULT_COMMENT,0,34,AB015E4,011160000599
15,IBOC,0,0,BEM_DEFAULT_COMMENT,0,34,AB015E4,072160000012
15,IBOC,0,0,BEM_DEFAULT_COMMENT,0,34,AB015E4,014160000868
15,IBOC,0,0,BEM_DEFAULT_COMMENT,0,34,AB015E4,014160000884
15,IBOC,0,0,BEM_DEFAULT_COMMENT,0,34,AB015E4,014160000892
15,IBOC,0,0,BEM_DEFAULT_COMMENT,0,34,AB015E4,002103000586
15,IBOC,0,0,BEM_DEFAULT_COMMENT,0,34,AB015E4,011202002868
15,IBOC,0,0,BEM_DEFAULT_COMMENT,0,34,AB015E4,082101000210
15,IBOC,0,0,BEM_DEFAULT_COMMENT,0,34,AB015E4,003106000010
15,IBOC,0,0,BEM_DEFAULT_COMMENT,0,34,AB015E4,014203004629
15,IBOC,0,0,BEM_DEFAULT_COMMENT,0,34,AB015E4,014101007320
15,IBOC,0,0,BEM_DEFAULT_COMMENT,0,34,AB015E4,011101020147
15,IBOC,0,0,BEM_DEFAULT_COMMENT,0,34,AB015E4,011101020155
15,IBOC,0,0,BEM_DEFAULT_COMMENT,0,34,AB015E4,011101020317
15,IBOC,0,0,BEM_DEFAULT_COMMENT,0,34,AB015E4,011201318314
15,IBOC,0,0,BEM_DEFAULT_COMMENT,0,34,AB015E4,014203004645
15,IBOC,0,0,BEM_DEFAULT_COMMENT,0,34,AB015E4,011101020333
15,IBOC,0,0,BEM_DEFAULT_COMMENT,0,34,AB015E4,011160000815
15,IBOC,0,0,BEM_DEFAULT_COMMENT,0,34,AB015E4,014160000841
15,IBOC,0,0,BEM_DEFAULT_COMMENT,0,34,AB015E4,014160000914
15,IBOC,0,0,BEM_DEFAULT_COMMENT,0,34,AB015E4,011160000920
15,IBOC,0,0,BEM_DEFAULT_COMMENT,0,34,AB015E4,014203004688
15,IBOC,0,0,BEM_DEFAULT_COMMENT,0,34,AB015E4,014203004718
15,IBOC,0,0,BEM_DEFAULT_COMMENT,0,34,AB015E4,014203004726
15,IBOC,0,0,BEM_DEFAULT_COMMENT,0,34,AB015E4,014203004750
15,IBOC,0,0,BEM_DEFAULT_COMMENT,0,34,AB015E4,014203004769
15,IBOC,0,0,BEM_DEFAULT_COMMENT,0,34,AB015E4,020101005635
15,IBOC,0,0,BEM_DEFAULT_COMMENT,0,34,AB015E4,072160000055
15,IBOC,0,0,BEM_DEFAULT_COMMENT,0,34,AB015E4,072160000063
15,IBOC,0,0,BEM_DEFAULT_COMMENT,0,34,AB015E4,014160000507
15,IBOC,0,0,BEM_DEFAULT_COMMENT,0,34,AB015E4,014160000523
15,IBOC,0,0,BEM_DEFAULT_COMMENT,0,34,AB015E4,014160000574
15,IBOC,0,0,BEM_DEFAULT_COMMENT,0,34,AB015E4,011160000718
15,IBOC,0,0,BEM_DEFAULT_COMMENT,0,34,AB015E4,011160000939
15,IBOC,0,0,BEM_DEFAULT_COMMENT,0,34,AB015E4,010108000012
15,IBOC,0,0,BEM_DEFAULT_COMMENT,0,34,AB015E4,011201318349
15,IBOC,0,0,BEM_DEFAULT_COMMENT,0,34,AB015E4,014160000639
15,IBOC,0,0,BEM_DEFAULT_COMMENT,0,34,AB015E4,014203002987
15,IBOC,0,0,BEM_DEFAULT_COMMENT,0,34,AB015E4,014203003126
15,IBOC,0,0,BEM_DEFAULT_COMMENT,0,34,AB015E4,014203003150
15,IBOC,0,0,BEM_DEFAULT_COMMENT,0,34,AB015E4,014203003185
15,IBOC,0,0,BEM_DEFAULT_COMMENT,0,34,AB015E4,014203003215
15,IBOC,0,0,BEM_DEFAULT_COMMENT,0,34,AB015E4,014203003223
15,IBOC,0,0,BEM_DEFAULT_COMMENT,0,34,AB015E4,014203003290
15,IBOC,0,0,BEM_DEFAULT_COMMENT,0,34,AB015E4,014203003304
15,IBOC,0,0,BEM_DEFAULT_COMMENT,0,34,AB015E4,014203003347
15,IBOC,0,0,BEM_DEFAULT_COMMENT,0,34,AB015E4,020101005120
15,IBOC,0,0,BEM_DEFAULT_COMMENT,0,34,AB015E4,014203003045
15,IBOC,0,0,BEM_DEFAULT_COMMENT,0,34,AB015E4,011160000742
15,IBOC,0,0,BEM_DEFAULT_COMMENT,0,34,AB015E4,014203003169
15,IBOC,0,0,BEM_DEFAULT_COMMENT,0,34,AB015E4,014203003193
15,IBOC,0,0,BEM_DEFAULT_COMMENT,0,34,AB015E4,014203003258
15,IBOC,0,0,BEM_DEFAULT_COMMENT,0,34,AB015E4,014203003266
15,IBOC,0,0,BEM_DEFAULT_COMMENT,0,34,AB015E4,014203003282
15,IBOC,0,0,BEM_DEFAULT_COMMENT,0,34,AB015E4,014203003312
15,IBOC,0,0,BEM_DEFAULT_COMMENT,0,34,AB015E4,011160000769
15,IBOC,0,0,BEM_DEFAULT_COMMENT,0,34,AB015E4,014203003371
15,IBOC,0,0,BEM_DEFAULT_COMMENT,0,34,AB015E4,001159000037
15,IBOC,0,0,BEM_DEFAULT_COMMENT,0,34,AB015E4,011101020368
15,IBOC,0,0,BEM_DEFAULT_COMMENT,0,34,AB015E4,012146000010
15,IBOC,0,0,BEM_DEFAULT_COMMENT,0,34,AB015E4,011101020376
15,IBOC,0,0,BEM_DEFAULT_COMMENT,0,34,AB015E4,011101020392
15,IBOC,0,0,BEM_DEFAULT_COMMENT,0,34,AB015E4,014203004661
15,IBOC,0,0,BEM_DEFAULT_COMMENT,0,34,AB015E4,011101020406
15,IBOC,0,0,BEM_DEFAULT_COMMENT,0,34,AB015E4,011101020295
15,IBOC,0,0,BEM_DEFAULT_COMMENT,0,34,AB015E4,014203004696
15,IBOC,0,0,BEM_DEFAULT_COMMENT,0,34,AB015E4,014203004734
15,IBOC,0,0,BEM_DEFAULT_COMMENT,0,34,AB015E4,014160000949
15,IBOC,0,0,BEM_DEFAULT_COMMENT,0,34,AB015E4,011101020422
15,IBOC,0,0,BEM_DEFAULT_COMMENT,0,34,AB015E4,014203003363
15,IBOC,0,0,BEM_DEFAULT_COMMENT,0,34,AB015E4,071103000532
15,IBOC,0,0,BEM_DEFAULT_COMMENT,0,34,AB015E4,014160000671
15,IBOC,0,0,BEM_DEFAULT_COMMENT,0,34,AB015E4,014160000698
15,IBOC,0,0,BEM_DEFAULT_COMMENT,0,34,AB015E4,014160000728
15,IBOC,0,0,BEM_DEFAULT_COMMENT,0,34,AB015E4,014160000744
15,IBOC,0,0,BEM_DEFAULT_COMMENT,0,34,AB015E4,014160000752
15,IBOC,0,0,BEM_DEFAULT_COMMENT,0,34,AB015E4,014160000760
15,IBOC,0,0,BEM_DEFAULT_COMMENT,0,34,AB015E4,014203004505
15,IBOC,0,0,BEM_DEFAULT_COMMENT,0,34,AB015E4,014203004521
15,IBOC,0,0,BEM_DEFAULT_COMMENT,0,34,AB015E4,014203003428
15,IBOC,0,0,BEM_DEFAULT_COMMENT,0,34,AB015E4,011201318306
15,IBOC,0,0,BEM_DEFAULT_COMMENT,0,34,AB015E4,014203003452
15,IBOC,0,0,BEM_DEFAULT_COMMENT,0,34,AB015E4,014203003460
15,IBOC,0,0,BEM_DEFAULT_COMMENT,0,34,AB015E4,014203003487
15,IBOC,0,0,BEM_DEFAULT_COMMENT,0,34,AB015E4,011202002833
15,IBOC,0,0,BEM_DEFAULT_COMMENT,0,34,AB015E4,011160000793
15,IBOC,0,0,BEM_DEFAULT_COMMENT,0,34,AB015E4,011101020384
15,IBOC,0,0,BEM_DEFAULT_COMMENT,0,34,AB015E4,034132000614
15,IBOC,0,0,BEM_DEFAULT_COMMENT,0,34,AB015E4,038201101505
15,IBOC,0,0,BEM_DEFAULT_COMMENT,0,34,AB015E4,012132000021
15,IBOC,0,0,BEM_DEFAULT_COMMENT,0,34,AB015E4,034132000622
15,IBOC,0,0,BEM_DEFAULT_COMMENT,0,34,AB015E4,034132000630
15,IBOC,0,0,BEM_DEFAULT_COMMENT,0,34,AB015E4,038201101556
15,IBOC,0,0,BEM_DEFAULT_COMMENT,0,34,AB015E4,034132000649
15,IBOC,0,0,BEM_DEFAULT_COMMENT,0,34,AB015E4,034132000657
15,IBOC,0,0,BEM_DEFAULT_COMMENT,0,34,AB015E4,046101002179
15,IBOC,0,0,BEM_DEFAULT_COMMENT,0,34,AB015E4,072132000038
15,IBOC,0,0,BEM_DEFAULT_COMMENT,0,34,AB015E4,034132000770
15,IBOC,0,0,BEM_DEFAULT_COMMENT,0,34,AB015E4,034132000789
15,IBOC,0,0,BEM_DEFAULT_COMMENT,0,34,AB015E4,034132000851
15,IBOC,0,0,BEM_DEFAULT_COMMENT,0,34,AB015E4,034132000916
15,IBOC,0,0,BEM_DEFAULT_COMMENT,0,34,AB015E4,034132000959
15,IBOC,0,0,BEM_DEFAULT_COMMENT,0,34,AB015E4,074160000025
15,IBOC,0,0,BEM_DEFAULT_COMMENT,0,34,AB015E4,020101005589
15,IBOC,0,0,BEM_DEFAULT_COMMENT,0,34,AB015E4,014101007304
15,IBOC,0,0,BEM_DEFAULT_COMMENT,0,34,AB015E4,014160000434
15,IBOC,0,0,BEM_DEFAULT_COMMENT,0,34,AB015E4,011105015040
15,IBOC,0,0,BEM_DEFAULT_COMMENT,0,34,AB015E4,034132000797
15,IBOC,0,0,BEM_DEFAULT_COMMENT,0,34,AB015E4,020110000047
15,IBOC,0,0,BEM_DEFAULT_COMMENT,0,34,AB015E4,020101005171
15,IBOC,0,0,BEM_DEFAULT_COMMENT,0,34,AB015E4,014160000388
15,IBOC,0,0,BEM_DEFAULT_COMMENT,0,34,AB015E4,014203004173
15,IBOC,0,0,BEM_DEFAULT_COMMENT,0,34,AB015E4,014203004181
15,IBOC,0,0,BEM_DEFAULT_COMMENT,0,34,AB015E4,014203004203
15,IBOC,0,0,BEM_DEFAULT_COMMENT,0,34,AB015E4,001110000033
15,IBOC,0,0,BEM_DEFAULT_COMMENT,0,34,AB015E4,020110000039
15,IBOC,0,0,BEM_DEFAULT_COMMENT,0,34,AB015E4,014160000140
15,IBOC,0,0,BEM_DEFAULT_COMMENT,0,34,AB015E4,020101005244
15,IBOC,0,0,BEM_DEFAULT_COMMENT,0,34,AB015E4,011232000014
15,IBOC,0,0,BEM_DEFAULT_COMMENT,0,34,AB015E4,014160000167
15,IBOC,0,0,BEM_DEFAULT_COMMENT,0,34,AB015E4,014160000280
15,IBOC,0,0,BEM_DEFAULT_COMMENT,0,34,AB015E4,014160000299
15,IBOC,0,0,BEM_DEFAULT_COMMENT,0,34,AB015E4,014203003959
15,IBOC,0,0,BEM_DEFAULT_COMMENT,0,34,AB015E4,014203004041
15,IBOC,0,0,BEM_DEFAULT_COMMENT,0,34,AB015E4,072101000958
15,IBOC,0,0,BEM_DEFAULT_COMMENT,0,34,AB015E4,034101002453
15,IBOC,0,0,BEM_DEFAULT_COMMENT,0,34,AB015E4,038201101416
15,IBOC,0,0,BEM_DEFAULT_COMMENT,0,34,AB015E4,038201101459
15,IBOC,0,0,BEM_DEFAULT_COMMENT,0,34,AB015E4,072101000990
15,IBOC,0,0,BEM_DEFAULT_COMMENT,0,34,AB015E4,072101001016
15,IBOC,0,0,BEM_DEFAULT_COMMENT,0,34,AB015E4,034132000533
15,IBOC,0,0,BEM_DEFAULT_COMMENT,0,34,AB015E4,034132000568
15,IBOC,0,0,BEM_DEFAULT_COMMENT,0,34,AB015E4,034132000576
15,IBOC,0,0,BEM_DEFAULT_COMMENT,0,34,AB015E4,034132000584
15,IBOC,0,0,BEM_DEFAULT_COMMENT,0,34,AB015E4,053101001649
15,IBOC,0,0,BEM_DEFAULT_COMMENT,0,34,AB015E4,034132000940
15,IBOC,0,0,BEM_DEFAULT_COMMENT,0,34,AB015E4,082103000226
15,IBOC,0,0,BEM_DEFAULT_COMMENT,0,34,AB015E4,001113000107
15,IBOC,0,0,BEM_DEFAULT_COMMENT,0,34,AB015E4,020110000055
15,IBOC,0,0,BEM_DEFAULT_COMMENT,0,34,AB015E4,020101005163
15,IBOC,0,0,BEM_DEFAULT_COMMENT,0,34,AB015E4,020101005228
15,IBOC,0,0,BEM_DEFAULT_COMMENT,0,34,AB015E4,011232000057
15,IBOC,0,0,BEM_DEFAULT_COMMENT,0,34,AB015E4,011232000073
15,IBOC,0,0,BEM_DEFAULT_COMMENT,0,34,AB015E4,020101005198
15,IBOC,0,0,BEM_DEFAULT_COMMENT,0,34,AB015E4,020101005201
15,IBOC,0,0,BEM_DEFAULT_COMMENT,0,34,AB015E4,011160000335
15,IBOC,0,0,BEM_DEFAULT_COMMENT,0,34,AB015E4,020101005236
15,IBOC,0,0,BEM_DEFAULT_COMMENT,0,34,AB015E4,001103000287
15,IBOC,0,0,BEM_DEFAULT_COMMENT,0,34,AB015E4,020101005279
15,IBOC,0,0,BEM_DEFAULT_COMMENT,0,34,AB015E4,020101005376
15,IBOC,0,0,BEM_DEFAULT_COMMENT,0,34,AB015E4,011160000408
15,IBOC,0,0,BEM_DEFAULT_COMMENT,0,34,AB015E4,046202002014
15,IBOC,0,0,BEM_DEFAULT_COMMENT,0,34,AB015E4,019202000790
15,IBOC,0,0,BEM_DEFAULT_COMMENT,0,34,AB015E4,011160000041
15,IBOC,0,0,BEM_DEFAULT_COMMENT,0,34,AB015E4,020101005295
15,IBOC,0,0,BEM_DEFAULT_COMMENT,0,34,AB015E4,011160000645
15,IBOC,0,0,BEM_DEFAULT_COMMENT,0,34,AB015E4,014160000612
15,IBOC,0,0,BEM_DEFAULT_COMMENT,0,34,AB015E4,014203002952
15,IBOC,0,0,BEM_DEFAULT_COMMENT,0,34,AB015E4,014160000620
15,IBOC,0,0,BEM_DEFAULT_COMMENT,0,34,AB015E4,014203002995
15,IBOC,0,0,BEM_DEFAULT_COMMENT,0,34,AB015E4,014203003029
15,IBOC,0,0,BEM_DEFAULT_COMMENT,0,34,AB015E4,011132000385
15,IBOC,0,0,BEM_DEFAULT_COMMENT,0,34,AB015E4,018103011820
15,IBOC,0,0,BEM_DEFAULT_COMMENT,0,34,AB015E4,034132000800
15,IBOC,0,0,BEM_DEFAULT_COMMENT,0,34,AB015E4,034132000819
15,IBOC,0,0,BEM_DEFAULT_COMMENT,0,34,AB015E4,034132000835
15,IBOC,0,0,BEM_DEFAULT_COMMENT,0,34,AB015E4,020101005066
15,IBOC,0,0,BEM_DEFAULT_COMMENT,0,34,AB015E4,011105015059
15,IBOC,0,0,BEM_DEFAULT_COMMENT,0,34,AB015E4,014160000124
15,IBOC,0,0,BEM_DEFAULT_COMMENT,0,34,AB015E4,014160000329
15,IBOC,0,0,BEM_DEFAULT_COMMENT,0,34,AB015E4,014160000337
15,IBOC,0,0,BEM_DEFAULT_COMMENT,0,34,AB015E4,014160000469
15,IBOC,0,0,BEM_DEFAULT_COMMENT,0,34,AB015E4,014160000485
15,IBOC,0,0,BEM_DEFAULT_COMMENT,0,34,AB015E4,014160000558
15,IBOC,0,0,BEM_DEFAULT_COMMENT,0,34,AB015E4,034132000843
15,IBOC,0,0,BEM_DEFAULT_COMMENT,0,34,AB015E4,011160000270
15,IBOC,0,0,BEM_DEFAULT_COMMENT,0,34,AB015E4,011160000289
15,IBOC,0,0,BEM_DEFAULT_COMMENT,0,34,AB015E4,011160000297
15,IBOC,0,0,BEM_DEFAULT_COMMENT,0,34,AB015E4,011160000564
15,IBOC,0,0,BEM_DEFAULT_COMMENT,0,34,AB015E4,011160000327
15,IBOC,0,0,BEM_DEFAULT_COMMENT,0,34,AB015E4,020101005465
15,IBOC,0,0,BEM_DEFAULT_COMMENT,0,34,AB015E4,011160000343
15,IBOC,0,0,BEM_DEFAULT_COMMENT,0,34,AB015E4,011160000351
15,IBOC,0,0,BEM_DEFAULT_COMMENT,0,34,AB015E4,081160000011
15,IBOC,0,0,BEM_DEFAULT_COMMENT,0,34,AB015E4,014203003509
15,IBOC,0,0,BEM_DEFAULT_COMMENT,0,34,AB015E4,014203003592
15,IBOC,0,0,BEM_DEFAULT_COMMENT,0,34,AB015E4,014203003649
15,IBOC,0,0,BEM_DEFAULT_COMMENT,0,34,AB015E4,014203003657
15,IBOC,0,0,BEM_DEFAULT_COMMENT,0,34,AB015E4,014203003711
15,IBOC,0,0,BEM_DEFAULT_COMMENT,0,34,AB015E4,014203003738
15,IBOC,0,0,BEM_DEFAULT_COMMENT,0,34,AB015E4,014203003746
15,IBOC,0,0,BEM_DEFAULT_COMMENT,0,34,AB015E4,014203003800
15,IBOC,0,0,BEM_DEFAULT_COMMENT,0,34,AB015E4,046101002160
15,IBOC,0,0,BEM_DEFAULT_COMMENT,0,34,AB015E4,018202001994
15,IBOC,0,0,BEM_DEFAULT_COMMENT,0,34,AB015E4,011103033718
15,IBOC,0,0,BEM_DEFAULT_COMMENT,0,34,AB015E4,020101005058
15,IBOC,0,0,BEM_DEFAULT_COMMENT,0,34,AB015E4,020101005074
15,IBOC,0,0,BEM_DEFAULT_COMMENT,0,34,AB015E4,020101005082
15,IBOC,0,0,BEM_DEFAULT_COMMENT,0,34,AB015E4,011103033653
15,IBOC,0,0,BEM_DEFAULT_COMMENT,0,34,AB015E4,002101000457
15,IBOC,0,0,BEM_DEFAULT_COMMENT,0,34,AB015E4,020101005570
15,IBOC,0,0,BEM_DEFAULT_COMMENT,0,34,AB015E4,001103000295
15,IBOC,0,0,BEM_DEFAULT_COMMENT,0,34,AB015E4,020101005627
15,IBOC,0,0,BEM_DEFAULT_COMMENT,0,34,AB015E4,014160000345
15,IBOC,0,0,BEM_DEFAULT_COMMENT,0,34,AB015E4,011160000378
15,IBOC,0,0,BEM_DEFAULT_COMMENT,0,34,AB015E4,011160000386
15,IBOC,0,0,BEM_DEFAULT_COMMENT,0,34,AB015E4,011160000416
15,IBOC,0,0,BEM_DEFAULT_COMMENT,0,34,AB015E4,011160000505
15,IBOC,0,0,BEM_DEFAULT_COMMENT,0,34,AB015E4,011160000521
15,IBOC,0,0,BEM_DEFAULT_COMMENT,0,34,AB015E4,011160000548
15,IBOC,0,0,BEM_DEFAULT_COMMENT,0,34,AB015E4,011160000556
15,IBOC,0,0,BEM_DEFAULT_COMMENT,0,34,AB015E4,072160000047
15,IBOC,0,0,BEM_DEFAULT_COMMENT,0,34,AB015E4,011160000602
15,IBOC,0,0,BEM_DEFAULT_COMMENT,0,34,AB015E4,012206000018
15,IBOC,0,0,BEM_DEFAULT_COMMENT,0,34,AB015E4,075202000080
15,IBOC,0,0,BEM_DEFAULT_COMMENT,0,34,AB015E4,011160000130
15,IBOC,0,0,BEM_DEFAULT_COMMENT,0,34,AB015E4,014160000353
15,IBOC,0,0,BEM_DEFAULT_COMMENT,0,34,AB015E4,014160000361
15,IBOC,0,0,BEM_DEFAULT_COMMENT,0,34,AB015E4,014160000396
15,IBOC,0,0,BEM_DEFAULT_COMMENT,0,34,AB015E4,014160000418
15,IBOC,0,0,BEM_DEFAULT_COMMENT,0,34,AB015E4,014160000450
15,IBOC,0,0,BEM_DEFAULT_COMMENT,0,34,AB015E4,014160000647
15,IBOC,0,0,BEM_DEFAULT_COMMENT,0,34,AB015E4,014203003886
15,IBOC,0,0,BEM_DEFAULT_COMMENT,0,34,AB015E4,001105000241
15,IBOC,0,0,BEM_DEFAULT_COMMENT,0,34,AB015E4,020101005090
15,IBOC,0,0,BEM_DEFAULT_COMMENT,0,34,AB015E4,020101005104
15,IBOC,0,0,BEM_DEFAULT_COMMENT,0,34,AB015E4,020101005112
15,IBOC,0,0,BEM_DEFAULT_COMMENT,0,34,AB015E4,020101005155
15,IBOC,0,0,BEM_DEFAULT_COMMENT,0,34,AB015E4,014160000027
15,IBOC,0,0,BEM_DEFAULT_COMMENT,0,34,AB015E4,014160000051
15,IBOC,0,0,BEM_DEFAULT_COMMENT,0,34,AB015E4,011160000572
15,IBOC,0,0,BEM_DEFAULT_COMMENT,0,34,AB015E4,018202001986
15,IBOC,0,0,BEM_DEFAULT_COMMENT,0,34,AB015E4,046132000011
15,IBOC,0,0,BEM_DEFAULT_COMMENT,0,34,AB015E4,034132000746
15,IBOC,0,0,BEM_DEFAULT_COMMENT,0,34,AB015E4,018103011898
15,IBOC,0,0,BEM_DEFAULT_COMMENT,0,34,AB015E4,011160000661
15,IBOC,0,0,BEM_DEFAULT_COMMENT,0,34,AB015E4,018105000885
15,IBOC,0,0,BEM_DEFAULT_COMMENT,0,34,AB015E4,018103011901
15,IBOC,0,0,BEM_DEFAULT_COMMENT,0,34,AB015E4,014160000442
15,IBOC,0,0,BEM_DEFAULT_COMMENT,0,34,AB015E4,014160000590
15,IBOC,0,0,BEM_DEFAULT_COMMENT,0,34,AB015E4,011160000734
15,IBOC,0,0,BEM_DEFAULT_COMMENT,0,34,AB015E4,014203003010
15,IBOC,0,0,BEM_DEFAULT_COMMENT,0,34,AB015E4,014203003037
15,IBOC,0,0,BEM_DEFAULT_COMMENT,0,34,AB015E4,022101005737
15,IBOC,0,0,BEM_DEFAULT_COMMENT,0,34,AB015E4,034101002445
15,IBOC,0,0,BEM_DEFAULT_COMMENT,0,34,AB015E4,001103000252
15,IBOC,0,0,BEM_DEFAULT_COMMENT,0,34,AB015E4,011160000319
15,IBOC,0,0,BEM_DEFAULT_COMMENT,0,34,AB015E4,020101005384
15,IBOC,0,0,BEM_DEFAULT_COMMENT,0,34,AB015E4,011160000181
15,IBOC,0,0,BEM_DEFAULT_COMMENT,0,34,AB015E4,020101005597
15,IBOC,0,0,BEM_DEFAULT_COMMENT,0,34,AB015E4,011201318373
15,IBOC,0,0,BEM_DEFAULT_COMMENT,0,34,AB015E4,011201318381
15,IBOC,0,0,BEM_DEFAULT_COMMENT,0,34,AB015E4,014203005226
15,IBOC,0,0,BEM_DEFAULT_COMMENT,0,34,AB015E4,014160002070
15,IBOC,0,0,BEM_DEFAULT_COMMENT,0,34,AB015E4,014160002097
15,IBOC,0,0,BEM_DEFAULT_COMMENT,0,34,AB015E4,011158000463
15,IBOC,0,0,BEM_DEFAULT_COMMENT,0,34,AB015E4,011206000509
15,IBOC,0,0,BEM_DEFAULT_COMMENT,0,34,AB015E4,014160002143
15,IBOC,0,0,BEM_DEFAULT_COMMENT,0,34,AB015E4,072103001676
15,IBOC,0,0,BEM_DEFAULT_COMMENT,0,34,AB015E4,072103001684
15,IBOC,0,0,BEM_DEFAULT_COMMENT,0,34,AB015E4,072103001692
15,IBOC,0,0,BEM_DEFAULT_COMMENT,0,34,AB015E4,014203004777
15,IBOC,0,0,BEM_DEFAULT_COMMENT,0,34,AB015E4,027203001962
15,IBOC,0,0,BEM_DEFAULT_COMMENT,0,34,AB015E4,001101109877
15,IBOC,0,0,BEM_DEFAULT_COMMENT,0,34,AB015E4,014203004866
15,IBOC,0,0,BEM_DEFAULT_COMMENT,0,34,AB015E4,072103000475
15,IBOC,0,0,BEM_DEFAULT_COMMENT,0,34,AB015E4,011202002981
15,IBOC,0,0,BEM_DEFAULT_COMMENT,0,34,AB015E4,072141000118
15,IBOC,0,0,BEM_DEFAULT_COMMENT,0,34,AB015E4,014141000203
15,IBOC,0,0,BEM_DEFAULT_COMMENT,0,34,AB015E4,072103001714
15,IBOC,0,0,BEM_DEFAULT_COMMENT,0,34,AB015E4,072103001722
15,IBOC,0,0,BEM_DEFAULT_COMMENT,0,34,AB015E4,034103003651
15,IBOC,0,0,BEM_DEFAULT_COMMENT,0,34,AB015E4,014141000025
15,IBOC,0,0,BEM_DEFAULT_COMMENT,0,34,AB015E4,072103001730
15,IBOC,0,0,BEM_DEFAULT_COMMENT,0,34,AB015E4,014141000041
15,IBOC,0,0,BEM_DEFAULT_COMMENT,0,34,AB015E4,072103001757
15,IBOC,0,0,BEM_DEFAULT_COMMENT,0,34,AB015E4,014141000076
15,IBOC,0,0,BEM_DEFAULT_COMMENT,0,34,AB015E4,014103017544
15,IBOC,0,0,BEM_DEFAULT_COMMENT,0,34,AB015E4,033160000014
15,IBOC,0,0,BEM_DEFAULT_COMMENT,0,34,AB015E4,033160000057
15,IBOC,0,0,BEM_DEFAULT_COMMENT,0,34,AB015E4,014160001503
15,IBOC,0,0,BEM_DEFAULT_COMMENT,0,34,AB015E4,014160001562
15,IBOC,0,0,BEM_DEFAULT_COMMENT,0,34,AB015E4,014160001651
15,IBOC,0,0,BEM_DEFAULT_COMMENT,0,34,AB015E4,014160001678
15,IBOC,0,0,BEM_DEFAULT_COMMENT,0,34,AB015E4,014160001694
15,IBOC,0,0,BEM_DEFAULT_COMMENT,0,34,AB015E4,014160001716
15,IBOC,0,0,BEM_DEFAULT_COMMENT,0,34,AB015E4,003101000039
15,IBOC,0,0,BEM_DEFAULT_COMMENT,0,34,AB015E4,011158000439
15,IBOC,0,0,BEM_DEFAULT_COMMENT,0,34,AB015E4,001101109567
15,IBOC,0,0,BEM_DEFAULT_COMMENT,0,34,AB015E4,072103001765
15,IBOC,0,0,BEM_DEFAULT_COMMENT,0,34,AB015E4,011206000584
15,IBOC,0,0,BEM_DEFAULT_COMMENT,0,34,AB015E4,014160002151
15,IBOC,0,0,BEM_DEFAULT_COMMENT,0,34,AB015E4,072103001773
15,IBOC,0,0,BEM_DEFAULT_COMMENT,0,34,AB015E4,014203005358
15,IBOC,0,0,BEM_DEFAULT_COMMENT,0,34,AB015E4,014141000092
15,IBOC,0,0,BEM_DEFAULT_COMMENT,0,34,AB015E4,014203005366
15,IBOC,0,0,BEM_DEFAULT_COMMENT,0,34,AB015E4,014141000106
15,IBOC,0,0,BEM_DEFAULT_COMMENT,0,34,AB015E4,046101002225
15,IBOC,0,0,BEM_DEFAULT_COMMENT,0,34,AB015E4,011158000579
15,IBOC,0,0,BEM_DEFAULT_COMMENT,0,34,AB015E4,072103001781
15,IBOC,0,0,BEM_DEFAULT_COMMENT,0,34,AB015E4,014160002186
15,IBOC,0,0,BEM_DEFAULT_COMMENT,0,34,AB015E4,011216000080
15,IBOC,0,0,BEM_DEFAULT_COMMENT,0,34,AB015E4,011158000323
15,IBOC,0,0,BEM_DEFAULT_COMMENT,0,34,AB015E4,011202002965
15,IBOC,0,0,BEM_DEFAULT_COMMENT,0,34,AB015E4,011206000347
15,IBOC,0,0,BEM_DEFAULT_COMMENT,0,34,AB015E4,072141000142
15,IBOC,0,0,BEM_DEFAULT_COMMENT,0,34,AB015E4,072141000347
15,IBOC,0,0,BEM_DEFAULT_COMMENT,0,34,AB015E4,072101001210
15,IBOC,0,0,BEM_DEFAULT_COMMENT,0,34,AB015E4,014160002259
15,IBOC,0,0,BEM_DEFAULT_COMMENT,0,34,AB015E4,014203004858
15,IBOC,0,0,BEM_DEFAULT_COMMENT,0,34,AB015E4,072203001402
15,IBOC,0,0,BEM_DEFAULT_COMMENT,0,34,AB015E4,001103000309
15,IBOC,0,0,BEM_DEFAULT_COMMENT,0,34,AB015E4,014160001481
15,IBOC,0,0,BEM_DEFAULT_COMMENT,0,34,AB015E4,014160001554
15,IBOC,0,0,BEM_DEFAULT_COMMENT,0,34,AB015E4,014160001570
15,IBOC,0,0,BEM_DEFAULT_COMMENT,0,34,AB015E4,001206000189
15,IBOC,0,0,BEM_DEFAULT_COMMENT,0,34,AB015E4,001100000650
15,IBOC,0,0,BEM_DEFAULT_COMMENT,0,34,AB015E4,001100000677
15,IBOC,0,0,BEM_DEFAULT_COMMENT,0,34,AB015E4,072103000556
15,IBOC,0,0,BEM_DEFAULT_COMMENT,0,34,AB015E4,034103003457
15,IBOC,0,0,BEM_DEFAULT_COMMENT,0,34,AB015E4,034103003465
15,IBOC,0,0,BEM_DEFAULT_COMMENT,0,34,AB015E4,001100001010
15,IBOC,0,0,BEM_DEFAULT_COMMENT,0,34,AB015E4,001100001053
15,IBOC,0,0,BEM_DEFAULT_COMMENT,0,34,AB015E4,046101002209
15,IBOC,0,0,BEM_DEFAULT_COMMENT,0,34,AB015E4,026100000188
15,IBOC,0,0,BEM_DEFAULT_COMMENT,0,34,AB015E4,016100000270
15,IBOC,0,0,BEM_DEFAULT_COMMENT,0,34,AB015E4,011206000126
15,IBOC,0,0,BEM_DEFAULT_COMMENT,0,34,AB015E4,001100000804
15,IBOC,0,0,BEM_DEFAULT_COMMENT,0,34,AB015E4,001100000812
15,IBOC,0,0,BEM_DEFAULT_COMMENT,0,34,AB015E4,014160002054
15,IBOC,0,0,BEM_DEFAULT_COMMENT,0,34,AB015E4,001100001037
15,IBOC,0,0,BEM_DEFAULT_COMMENT,0,34,AB015E4,014160002119
15,IBOC,0,0,BEM_DEFAULT_COMMENT,0,34,AB015E4,014158000058
15,IBOC,0,0,BEM_DEFAULT_COMMENT,0,34,AB015E4,014202002584
15,IBOC,0,0,BEM_DEFAULT_COMMENT,0,34,AB015E4,014202002606
15,IBOC,0,0,BEM_DEFAULT_COMMENT,0,34,AB015E4,014160002194
15,IBOC,0,0,BEM_DEFAULT_COMMENT,0,34,AB015E4,011204002156
15,IBOC,0,0,BEM_DEFAULT_COMMENT,0,34,AB015E4,014160002216
15,IBOC,0,0,BEM_DEFAULT_COMMENT,0,34,AB015E4,072203001410
15,IBOC,0,0,BEM_DEFAULT_COMMENT,0,34,AB015E4,072203001445
15,IBOC,0,0,BEM_DEFAULT_COMMENT,0,34,AB015E4,072203001461
15,IBOC,0,0,BEM_DEFAULT_COMMENT,0,34,AB015E4,014202002657
15,IBOC,0,0,BEM_DEFAULT_COMMENT,0,34,AB015E4,072101001199
15,IBOC,0,0,BEM_DEFAULT_COMMENT,0,34,AB015E4,014101007355
15,IBOC,0,0,BEM_DEFAULT_COMMENT,0,34,AB015E4,012103021415
15,IBOC,0,0,BEM_DEFAULT_COMMENT,0,34,AB015E4,014203005102
15,IBOC,0,0,BEM_DEFAULT_COMMENT,0,34,AB015E4,072101001059
15,IBOC,0,0,BEM_DEFAULT_COMMENT,0,34,AB015E4,014160001767
15,IBOC,0,0,BEM_DEFAULT_COMMENT,0,34,AB015E4,031213019682
15,IBOC,0,0,BEM_DEFAULT_COMMENT,0,34,AB015E4,014160001953
15,IBOC,0,0,BEM_DEFAULT_COMMENT,0,34,AB015E4,014160001988
15,IBOC,0,0,BEM_DEFAULT_COMMENT,0,34,AB015E4,072103000696
15,IBOC,0,0,BEM_DEFAULT_COMMENT,0,34,AB015E4,072103000734
15,IBOC,0,0,BEM_DEFAULT_COMMENT,0,34,AB015E4,072103000785
15,IBOC,0,0,BEM_DEFAULT_COMMENT,0,34,AB015E4,034103003600
15,IBOC,0,0,BEM_DEFAULT_COMMENT,0,34,AB015E4,014160002038
15,IBOC,0,0,BEM_DEFAULT_COMMENT,0,34,AB015E4,072103000815
15,IBOC,0,0,BEM_DEFAULT_COMMENT,0,34,AB015E4,072103000866
15,IBOC,0,0,BEM_DEFAULT_COMMENT,0,34,AB015E4,072101001172
15,IBOC,0,0,BEM_DEFAULT_COMMENT,0,34,AB015E4,072101001040
15,IBOC,0,0,BEM_DEFAULT_COMMENT,0,34,AB015E4,014101007363
15,IBOC,0,0,BEM_DEFAULT_COMMENT,0,34,AB015E4,014157000062
15,IBOC,0,0,BEM_DEFAULT_COMMENT,0,34,AB015E4,072101001202
15,IBOC,0,0,BEM_DEFAULT_COMMENT,0,34,AB015E4,014101007428
15,IBOC,0,0,BEM_DEFAULT_COMMENT,0,34,AB015E4,011158000331
15,IBOC,0,0,BEM_DEFAULT_COMMENT,0,34,AB015E4,001203000099
15,IBOC,0,0,BEM_DEFAULT_COMMENT,0,34,AB015E4,001203000102
15,IBOC,0,0,BEM_DEFAULT_COMMENT,0,34,AB015E4,014160001058
15,IBOC,0,0,BEM_DEFAULT_COMMENT,0,34,AB015E4,072203001267
15,IBOC,0,0,BEM_DEFAULT_COMMENT,0,34,AB015E4,072203001313
15,IBOC,0,0,BEM_DEFAULT_COMMENT,0,34,AB015E4,072203001372
15,IBOC,0,0,BEM_DEFAULT_COMMENT,0,34,AB015E4,072203001453
15,IBOC,0,0,BEM_DEFAULT_COMMENT,0,34,AB015E4,072141000150
15,IBOC,0,0,BEM_DEFAULT_COMMENT,0,34,AB015E4,072141000169
15,IBOC,0,0,BEM_DEFAULT_COMMENT,0,34,AB015E4,072141000185
15,IBOC,0,0,BEM_DEFAULT_COMMENT,0,34,AB015E4,072141000207
15,IBOC,0,0,BEM_DEFAULT_COMMENT,0,34,AB015E4,014141000262
15,IBOC,0,0,BEM_DEFAULT_COMMENT,0,34,AB015E4,014141000289
15,IBOC,0,0,BEM_DEFAULT_COMMENT,0,34,AB015E4,072141000223
15,IBOC,0,0,BEM_DEFAULT_COMMENT,0,34,AB015E4,014141000297
15,IBOC,0,0,BEM_DEFAULT_COMMENT,0,34,AB015E4,072141000258
15,IBOC,0,0,BEM_DEFAULT_COMMENT,0,34,AB015E4,011158000595
15,IBOC,0,0,BEM_DEFAULT_COMMENT,0,34,AB015E4,072141000266
15,IBOC,0,0,BEM_DEFAULT_COMMENT,0,34,AB015E4,014160001538
15,IBOC,0,0,BEM_DEFAULT_COMMENT,0,34,AB015E4,014160001597
15,IBOC,0,0,BEM_DEFAULT_COMMENT,0,34,AB015E4,014160001619
15,IBOC,0,0,BEM_DEFAULT_COMMENT,0,34,AB015E4,014160001627
15,IBOC,0,0,BEM_DEFAULT_COMMENT,0,34,AB015E4,014160001783
15,IBOC,0,0,BEM_DEFAULT_COMMENT,0,34,AB015E4,072203001240
15,IBOC,0,0,BEM_DEFAULT_COMMENT,0,34,AB015E4,001100001169
15,IBOC,0,0,BEM_DEFAULT_COMMENT,0,34,AB015E4,072203001283
15,IBOC,0,0,BEM_DEFAULT_COMMENT,0,34,AB015E4,014202002622
15,IBOC,0,0,BEM_DEFAULT_COMMENT,0,34,AB015E4,072203001305
15,IBOC,0,0,BEM_DEFAULT_COMMENT,0,34,AB015E4,072203001348
15,IBOC,0,0,BEM_DEFAULT_COMMENT,0,34,AB015E4,072203001429
15,IBOC,0,0,BEM_DEFAULT_COMMENT,0,34,AB015E4,014158000031
15,IBOC,0,0,BEM_DEFAULT_COMMENT,0,34,AB015E4,072160000128
15,IBOC,0,0,BEM_DEFAULT_COMMENT,0,34,AB015E4,072103001706
15,IBOC,0,0,BEM_DEFAULT_COMMENT,0,34,AB015E4,014141000017
15,IBOC,0,0,BEM_DEFAULT_COMMENT,0,34,AB015E4,014141000033
15,IBOC,0,0,BEM_DEFAULT_COMMENT,0,34,AB015E4,014203005331
15,IBOC,0,0,BEM_DEFAULT_COMMENT,0,34,AB015E4,014141000068
15,IBOC,0,0,BEM_DEFAULT_COMMENT,0,34,AB015E4,072141000029
15,IBOC,0,0,BEM_DEFAULT_COMMENT,0,34,AB015E4,034103003678
15,IBOC,0,0,BEM_DEFAULT_COMMENT,0,34,AB015E4,011206000576
15,IBOC,0,0,BEM_DEFAULT_COMMENT,0,34,AB015E4,072203001224
15,IBOC,0,0,BEM_DEFAULT_COMMENT,0,34,AB015E4,011206000592
15,IBOC,0,0,BEM_DEFAULT_COMMENT,0,34,AB015E4,072103001005
15,IBOC,0,0,BEM_DEFAULT_COMMENT,0,34,AB015E4,011206000223
15,IBOC,0,0,BEM_DEFAULT_COMMENT,0,34,AB015E4,014160002208
15,IBOC,0,0,BEM_DEFAULT_COMMENT,0,34,AB015E4,072141000282
15,IBOC,0,0,BEM_DEFAULT_COMMENT,0,34,AB015E4,014157000054
15,IBOC,0,0,BEM_DEFAULT_COMMENT,0,34,AB015E4,014141000319
15,IBOC,0,0,BEM_DEFAULT_COMMENT,0,34,AB015E4,014141000351
15,IBOC,0,0,BEM_DEFAULT_COMMENT,0,34,AB015E4,014203005099
15,IBOC,0,0,BEM_DEFAULT_COMMENT,0,34,AB015E4,011206000541
15,IBOC,0,0,BEM_DEFAULT_COMMENT,0,34,AB015E4,014141000149
15,IBOC,0,0,BEM_DEFAULT_COMMENT,0,34,AB015E4,014158000074
15,IBOC,0,0,BEM_DEFAULT_COMMENT,0,34,AB015E4,014141000157
15,IBOC,0,0,BEM_DEFAULT_COMMENT,0,34,AB015E4,011206000622
15,IBOC,0,0,BEM_DEFAULT_COMMENT,0,34,AB015E4,011141000023
15,IBOC,0,0,BEM_DEFAULT_COMMENT,0,34,AB015E4,001113000123
15,IBOC,0,0,BEM_DEFAULT_COMMENT,0,34,AB015E4,001220000018
15,IBOC,0,0,BEM_DEFAULT_COMMENT,0,34,AB015E4,014160001511
15,IBOC,0,0,BEM_DEFAULT_COMMENT,0,34,AB015E4,014160001546
15,IBOC,0,0,BEM_DEFAULT_COMMENT,0,34,AB015E4,014160001589
15,IBOC,0,0,BEM_DEFAULT_COMMENT,0,34,AB015E4,014160001600
15,IBOC,0,0,BEM_DEFAULT_COMMENT,0,34,AB015E4,014160001635
15,IBOC,0,0,BEM_DEFAULT_COMMENT,0,34,AB015E4,011206000606
15,IBOC,0,0,BEM_DEFAULT_COMMENT,0,34,AB015E4,015100000338
15,IBOC,0,0,BEM_DEFAULT_COMMENT,0,34,AB015E4,014203005218
15,IBOC,0,0,BEM_DEFAULT_COMMENT,0,34,AB015E4,072103000971
15,IBOC,0,0,BEM_DEFAULT_COMMENT,0,34,AB015E4,011158000137
15,IBOC,0,0,BEM_DEFAULT_COMMENT,0,34,AB015E4,014203005234
15,IBOC,0,0,BEM_DEFAULT_COMMENT,0,34,AB015E4,072103001056
15,IBOC,0,0,BEM_DEFAULT_COMMENT,0,34,AB015E4,011158000145
15,IBOC,0,0,BEM_DEFAULT_COMMENT,0,34,AB015E4,011158000161
15,IBOC,0,0,BEM_DEFAULT_COMMENT,0,34,AB015E4,072101001091
15,IBOC,0,0,BEM_DEFAULT_COMMENT,0,34,AB015E4,011206000266
15,IBOC,0,0,BEM_DEFAULT_COMMENT,0,34,AB015E4,011202002906
15,IBOC,0,0,BEM_DEFAULT_COMMENT,0,34,AB015E4,011206000290
15,IBOC,0,0,BEM_DEFAULT_COMMENT,0,34,AB015E4,011158000269
15,IBOC,0,0,BEM_DEFAULT_COMMENT,0,34,AB015E4,046101002217
15,IBOC,0,0,BEM_DEFAULT_COMMENT,0,34,AB015E4,001100001142
15,IBOC,0,0,BEM_DEFAULT_COMMENT,0,34,AB015E4,072103001471
15,IBOC,0,0,BEM_DEFAULT_COMMENT,0,34,AB015E4,072103001501
15,IBOC,0,0,BEM_DEFAULT_COMMENT,0,34,AB015E4,072103001552
15,IBOC,0,0,BEM_DEFAULT_COMMENT,0,34,AB015E4,011202002930
15,IBOC,0,0,BEM_DEFAULT_COMMENT,0,34,AB015E4,072103001560
15,IBOC,0,0,BEM_DEFAULT_COMMENT,0,34,AB015E4,072103001579
15,IBOC,0,0,BEM_DEFAULT_COMMENT,0,34,AB015E4,072216000019
15,IBOC,0,0,BEM_DEFAULT_COMMENT,0,34,AB015E4,011202002973
15,IBOC,0,0,BEM_DEFAULT_COMMENT,0,34,AB015E4,014160002062
15,IBOC,0,0,BEM_DEFAULT_COMMENT,0,34,AB015E4,072103001587
15,IBOC,0,0,BEM_DEFAULT_COMMENT,0,34,AB015E4,011206000630
15,IBOC,0,0,BEM_DEFAULT_COMMENT,0,34,AB015E4,072103001293
15,IBOC,0,0,BEM_DEFAULT_COMMENT,0,34,AB015E4,072103001528
15,IBOC,0,0,BEM_DEFAULT_COMMENT,0,34,AB015E4,011158000293
15,IBOC,0,0,BEM_DEFAULT_COMMENT,0,34,AB015E4,001101109524
15,IBOC,0,0,BEM_DEFAULT_COMMENT,0,34,AB015E4,001101109648
15,IBOC,0,0,BEM_DEFAULT_COMMENT,0,34,AB015E4,001101109664
15,IBOC,0,0,BEM_DEFAULT_COMMENT,0,34,AB015E4,001101109680
15,IBOC,0,0,BEM_DEFAULT_COMMENT,0,34,AB015E4,001101109788
15,IBOC,0,0,BEM_DEFAULT_COMMENT,0,34,AB015E4,014203005390
15,IBOC,0,0,BEM_DEFAULT_COMMENT,0,34,AB015E4,014203005404
15,IBOC,0,0,BEM_DEFAULT_COMMENT,0,34,AB015E4,072141000088
15,IBOC,0,0,BEM_DEFAULT_COMMENT,0,34,AB015E4,072203001194
15,IBOC,0,0,BEM_DEFAULT_COMMENT,0,34,AB015E4,072203001178
15,IBOC,0,0,BEM_DEFAULT_COMMENT,0,34,AB015E4,017100000162
15,IBOC,0,0,BEM_DEFAULT_COMMENT,0,34,AB015E4,001100000901
15,IBOC,0,0,BEM_DEFAULT_COMMENT,0,34,AB015E4,072103000890
15,IBOC,0,0,BEM_DEFAULT_COMMENT,0,34,AB015E4,072103000920
15,IBOC,0,0,BEM_DEFAULT_COMMENT,0,34,AB015E4,072203001356
15,IBOC,0,0,BEM_DEFAULT_COMMENT,0,34,AB015E4,072203001100
15,IBOC,0,0,BEM_DEFAULT_COMMENT,0,34,AB015E4,072203001119
15,IBOC,0,0,BEM_DEFAULT_COMMENT,0,34,AB015E4,011237000020
15,IBOC,0,0,BEM_DEFAULT_COMMENT,0,34,AB015E4,027203001970
15,IBOC,0,0,BEM_DEFAULT_COMMENT,0,34,AB015E4,072203001275
15,IBOC,0,0,BEM_DEFAULT_COMMENT,0,34,AB015E4,072203001291
15,IBOC,0,0,BEM_DEFAULT_COMMENT,0,34,AB015E4,072203001321
15,IBOC,0,0,BEM_DEFAULT_COMMENT,0,34,AB015E4,014157000070
15,IBOC,0,0,BEM_DEFAULT_COMMENT,0,34,AB015E4,072101001067
15,IBOC,0,0,BEM_DEFAULT_COMMENT,0,34,AB015E4,014202002592
15,IBOC,0,0,BEM_DEFAULT_COMMENT,0,34,AB015E4,014202002614
15,IBOC,0,0,BEM_DEFAULT_COMMENT,0,34,AB015E4,014141000173
15,IBOC,0,0,BEM_DEFAULT_COMMENT,0,34,AB015E4,072141000096
15,IBOC,0,0,BEM_DEFAULT_COMMENT,0,34,AB015E4,072103001161
15,IBOC,0,0,BEM_DEFAULT_COMMENT,0,34,AB015E4,014101007509
15,IBOC,0,0,BEM_DEFAULT_COMMENT,0,34,AB015E4,014141000394
15,IBOC,0,0,BEM_DEFAULT_COMMENT,0,34,AB015E4,014203005455
15,IBOC,0,0,BEM_DEFAULT_COMMENT,0,34,AB015E4,014203004874
15,IBOC,0,0,BEM_DEFAULT_COMMENT,0,34,AB015E4,011101020457
15,IBOC,0,0,BEM_DEFAULT_COMMENT,0,34,AB015E4,086105000036
15,IBOC,0,0,BEM_DEFAULT_COMMENT,0,34,AB015E4,072103000580
15,IBOC,0,0,BEM_DEFAULT_COMMENT,0,34,AB015E4,014160001929
15,IBOC,0,0,BEM_DEFAULT_COMMENT,0,34,AB015E4,072103000629
15,IBOC,0,0,BEM_DEFAULT_COMMENT,0,34,AB015E4,014160001937
15,IBOC,0,0,BEM_DEFAULT_COMMENT,0,34,AB015E4,014160001996
15,IBOC,0,0,BEM_DEFAULT_COMMENT,0,34,AB015E4,014160002011
15,IBOC,0,0,BEM_DEFAULT_COMMENT,0,34,AB015E4,072103000726
15,IBOC,0,0,BEM_DEFAULT_COMMENT,0,34,AB015E4,072103000742
15,IBOC,0,0,BEM_DEFAULT_COMMENT,0,34,AB015E4,072103000769
15,IBOC,0,0,BEM_DEFAULT_COMMENT,0,34,AB015E4,011206000312
15,IBOC,0,0,BEM_DEFAULT_COMMENT,0,34,AB015E4,072103001439
15,IBOC,0,0,BEM_DEFAULT_COMMENT,0,34,AB015E4,011206000428
15,IBOC,0,0,BEM_DEFAULT_COMMENT,0,34,AB015E4,001103000325
15,IBOC,0,0,BEM_DEFAULT_COMMENT,0,34,AB015E4,014203004882
15,IBOC,0,0,BEM_DEFAULT_COMMENT,0,34,AB015E4,014203004890
15,IBOC,0,0,BEM_DEFAULT_COMMENT,0,34,AB015E4,011101020449
15,IBOC,0,0,BEM_DEFAULT_COMMENT,0,34,AB015E4,072203001135
15,IBOC,0,0,BEM_DEFAULT_COMMENT,0,34,AB015E4,072203001143
15,IBOC,0,0,BEM_DEFAULT_COMMENT,0,34,AB015E4,001100000871
15,IBOC,0,0,BEM_DEFAULT_COMMENT,0,34,AB015E4,071202000359
15,IBOC,0,0,BEM_DEFAULT_COMMENT,0,34,AB015E4,072103000939
15,IBOC,0,0,BEM_DEFAULT_COMMENT,0,34,AB015E4,072103001331
15,IBOC,0,0,BEM_DEFAULT_COMMENT,0,34,AB015E4,071203001987
15,IBOC,0,0,BEM_DEFAULT_COMMENT,0,34,AB015E4,014203005021
15,IBOC,0,0,BEM_DEFAULT_COMMENT,0,34,AB015E4,011158000420
15,IBOC,0,0,BEM_DEFAULT_COMMENT,0,34,AB015E4,001101109699
15,IBOC,0,0,BEM_DEFAULT_COMMENT,0,34,AB015E4,001101109796
15,IBOC,0,0,BEM_DEFAULT_COMMENT,0,34,AB015E4,011158000528
15,IBOC,0,0,BEM_DEFAULT_COMMENT,0,34,AB015E4,014203005420
15,IBOC,0,0,BEM_DEFAULT_COMMENT,0,34,AB015E4,072202000135
15,IBOC,0,0,BEM_DEFAULT_COMMENT,0,34,AB015E4,014160002232
15,IBOC,0,0,BEM_DEFAULT_COMMENT,0,34,AB015E4,027101004079
15,IBOC,0,0,BEM_DEFAULT_COMMENT,0,34,AB015E4,001101109346
15,IBOC,0,0,BEM_DEFAULT_COMMENT,0,34,AB015E4,011103033742
15,IBOC,0,0,BEM_DEFAULT_COMMENT,0,34,AB015E4,072103000661
15,IBOC,0,0,BEM_DEFAULT_COMMENT,0,34,AB015E4,072103000793
15,IBOC,0,0,BEM_DEFAULT_COMMENT,0,34,AB015E4,034103003562
15,IBOC,0,0,BEM_DEFAULT_COMMENT,0,34,AB015E4,034103003597
15,IBOC,0,0,BEM_DEFAULT_COMMENT,0,34,AB015E4,034103003619
15,IBOC,0,0,BEM_DEFAULT_COMMENT,0,34,AB015E4,001100000928
15,IBOC,0,0,BEM_DEFAULT_COMMENT,0,34,AB015E4,001100000936
15,IBOC,0,0,BEM_DEFAULT_COMMENT,0,34,AB015E4,001100000944
15,IBOC,0,0,BEM_DEFAULT_COMMENT,0,34,AB015E4,001100000995
15,IBOC,0,0,BEM_DEFAULT_COMMENT,0,34,AB015E4,014158000023
15,IBOC,0,0,BEM_DEFAULT_COMMENT,0,34,AB015E4,014203005064
15,IBOC,0,0,BEM_DEFAULT_COMMENT,0,34,AB015E4,014203005072
15,IBOC,0,0,BEM_DEFAULT_COMMENT,0,34,AB015E4,011236000019
15,IBOC,0,0,BEM_DEFAULT_COMMENT,0,34,AB015E4,075101000038
15,IBOC,0,0,BEM_DEFAULT_COMMENT,0,34,AB015E4,072103001382
15,IBOC,0,0,BEM_DEFAULT_COMMENT,0,34,AB015E4,011206000355
15,IBOC,0,0,BEM_DEFAULT_COMMENT,0,34,AB015E4,011206000398
15,IBOC,0,0,BEM_DEFAULT_COMMENT,0,34,AB015E4,011158000447
15,IBOC,0,0,BEM_DEFAULT_COMMENT,0,34,AB015E4,001101109621
15,IBOC,0,0,BEM_DEFAULT_COMMENT,0,34,AB015E4,072203001232
15,IBOC,0,0,BEM_DEFAULT_COMMENT,0,34,AB015E4,014160002240
15,IBOC,0,0,BEM_DEFAULT_COMMENT,0,34,AB015E4,072141000428
15,IBOC,0,0,BEM_DEFAULT_COMMENT,0,34,AB015E4,014101007495
15,IBOC,0,0,BEM_DEFAULT_COMMENT,0,34,AB015E4,014160001872
15,IBOC,0,0,BEM_DEFAULT_COMMENT,0,34,AB015E4,014160001880
15,IBOC,0,0,BEM_DEFAULT_COMMENT,0,34,AB015E4,072103001110
15,IBOC,0,0,BEM_DEFAULT_COMMENT,0,34,AB015E4,072101001083
15,IBOC,0,0,BEM_DEFAULT_COMMENT,0,34,AB015E4,072103001374
15,IBOC,0,0,BEM_DEFAULT_COMMENT,0,34,AB015E4,072103001404
15,IBOC,0,0,BEM_DEFAULT_COMMENT,0,34,AB015E4,014160001864
15,IBOC,0,0,BEM_DEFAULT_COMMENT,0,34,AB015E4,014203005447
15,IBOC,0,0,BEM_DEFAULT_COMMENT,0,34,AB015E4,072203001062
15,IBOC,0,0,BEM_DEFAULT_COMMENT,0,34,AB015E4,001101109656
15,IBOC,0,0,BEM_DEFAULT_COMMENT,0,34,AB015E4,001101109702
15,IBOC,0,0,BEM_DEFAULT_COMMENT,0,34,AB015E4,014141000084
15,IBOC,0,0,BEM_DEFAULT_COMMENT,0,34,AB015E4,014160002178
15,IBOC,0,0,BEM_DEFAULT_COMMENT,0,34,AB015E4,014203005374
15,IBOC,0,0,BEM_DEFAULT_COMMENT,0,34,AB015E4,014160001759
15,IBOC,0,0,BEM_DEFAULT_COMMENT,0,34,AB015E4,001101109419
15,IBOC,0,0,BEM_DEFAULT_COMMENT,0,34,AB015E4,001100000707
15,IBOC,0,0,BEM_DEFAULT_COMMENT,0,34,AB015E4,001100000731
15,IBOC,0,0,BEM_DEFAULT_COMMENT,0,34,AB015E4,001100000758
15,IBOC,0,0,BEM_DEFAULT_COMMENT,0,34,AB015E4,001100000766
15,IBOC,0,0,BEM_DEFAULT_COMMENT,0,34,AB015E4,001100000790
15,IBOC,0,0,BEM_DEFAULT_COMMENT,0,34,AB015E4,001206000219
15,IBOC,0,0,BEM_DEFAULT_COMMENT,0,34,AB015E4,001100000820
15,IBOC,0,0,BEM_DEFAULT_COMMENT,0,34,AB015E4,011158000099
15,IBOC,0,0,BEM_DEFAULT_COMMENT,0,34,AB015E4,072103001234
15,IBOC,0,0,BEM_DEFAULT_COMMENT,0,34,AB015E4,014203004912
15,IBOC,0,0,BEM_DEFAULT_COMMENT,0,34,AB015E4,014160001082
15,IBOC,0,0,BEM_DEFAULT_COMMENT,0,34,AB015E4,014203004947
15,IBOC,0,0,BEM_DEFAULT_COMMENT,0,34,AB015E4,014203004955
15,IBOC,0,0,BEM_DEFAULT_COMMENT,0,34,AB015E4,014203004998
15,IBOC,0,0,BEM_DEFAULT_COMMENT,0,34,AB015E4,072203001097
15,IBOC,0,0,BEM_DEFAULT_COMMENT,0,34,AB015E4,072158000019
15,IBOC,0,0,BEM_DEFAULT_COMMENT,0,34,AB015E4,011237000012
15,IBOC,0,0,BEM_DEFAULT_COMMENT,0,34,AB015E4,012202001451
15,IBOC,0,0,BEM_DEFAULT_COMMENT,0,34,AB015E4,014160001317
15,IBOC,0,0,BEM_DEFAULT_COMMENT,0,34,AB015E4,033160000049
15,IBOC,0,0,BEM_DEFAULT_COMMENT,0,34,AB015E4,072101001164
15,IBOC,0,0,BEM_DEFAULT_COMMENT,0,34,AB015E4,001100000847
15,IBOC,0,0,BEM_DEFAULT_COMMENT,0,34,AB015E4,001100000863
15,IBOC,0,0,BEM_DEFAULT_COMMENT,0,34,AB015E4,046101002195
15,IBOC,0,0,BEM_DEFAULT_COMMENT,0,34,AB015E4,072103000823
15,IBOC,0,0,BEM_DEFAULT_COMMENT,0,34,AB015E4,072103000882
15,IBOC,0,0,BEM_DEFAULT_COMMENT,0,34,AB015E4,011206000495
15,IBOC,0,0,BEM_DEFAULT_COMMENT,0,34,AB015E4,011158000498
15,IBOC,0,0,BEM_DEFAULT_COMMENT,0,34,AB015E4,001101109842
15,IBOC,0,0,BEM_DEFAULT_COMMENT,0,34,AB015E4,014141000165
15,IBOC,0,0,BEM_DEFAULT_COMMENT,0,34,AB015E4,011206000649
15,IBOC,0,0,BEM_DEFAULT_COMMENT,0,34,AB015E4,014203004831
15,IBOC,0,0,BEM_DEFAULT_COMMENT,0,34,AB015E4,014160001007
15,IBOC,0,0,BEM_DEFAULT_COMMENT,0,34,AB015E4,027203001997
15,IBOC,0,0,BEM_DEFAULT_COMMENT,0,34,AB015E4,014203004920
15,IBOC,0,0,BEM_DEFAULT_COMMENT,0,34,AB015E4,014203004939
15,IBOC,0,0,BEM_DEFAULT_COMMENT,0,34,AB015E4,014160001104
15,IBOC,0,0,BEM_DEFAULT_COMMENT,0,34,AB015E4,011158000382
15,IBOC,0,0,BEM_DEFAULT_COMMENT,0,34,AB015E4,001100001150
15,IBOC,0,0,BEM_DEFAULT_COMMENT,0,34,AB015E4,001100001185
15,IBOC,0,0,BEM_DEFAULT_COMMENT,0,34,AB015E4,034103003430
15,IBOC,0,0,BEM_DEFAULT_COMMENT,0,34,AB015E4,001101109435
15,IBOC,0,0,BEM_DEFAULT_COMMENT,0,34,AB015E4,072103000807
15,IBOC,0,0,BEM_DEFAULT_COMMENT,0,34,AB015E4,072103000831
15,IBOC,0,0,BEM_DEFAULT_COMMENT,0,34,AB015E4,072103000858
15,IBOC,0,0,BEM_DEFAULT_COMMENT,0,34,AB015E4,014160002046
15,IBOC,0,0,BEM_DEFAULT_COMMENT,0,34,AB015E4,001119000028
15,IBOC,0,0,BEM_DEFAULT_COMMENT,0,34,AB015E4,001110000041
15,IBOC,0,0,BEM_DEFAULT_COMMENT,0,34,AB015E4,001101109354
15,IBOC,0,0,BEM_DEFAULT_COMMENT,0,34,AB015E4,014160001015
15,IBOC,0,0,BEM_DEFAULT_COMMENT,0,34,AB015E4,072101001180
15,IBOC,0,0,BEM_DEFAULT_COMMENT,0,34,AB015E4,001100000855
15,IBOC,0,0,BEM_DEFAULT_COMMENT,0,34,AB015E4,014160002089
15,IBOC,0,0,BEM_DEFAULT_COMMENT,0,34,AB015E4,001101109613
15,IBOC,0,0,BEM_DEFAULT_COMMENT,0,34,AB015E4,011158000471
15,IBOC,0,0,BEM_DEFAULT_COMMENT,0,34,AB015E4,011206000525
15,IBOC,0,0,BEM_DEFAULT_COMMENT,0,34,AB015E4,001101109400
15,IBOC,0,0,BEM_DEFAULT_COMMENT,0,34,AB015E4,011202002884
15,IBOC,0,0,BEM_DEFAULT_COMMENT,0,34,AB015E4,072103000963
15,IBOC,0,0,BEM_DEFAULT_COMMENT,0,34,AB015E4,011158000188
15,IBOC,0,0,BEM_DEFAULT_COMMENT,0,34,AB015E4,011158000226
15,IBOC,0,0,BEM_DEFAULT_COMMENT,0,34,AB015E4,072101001105
15,IBOC,0,0,BEM_DEFAULT_COMMENT,0,34,AB015E4,011158000242
15,IBOC,0,0,BEM_DEFAULT_COMMENT,0,34,AB015E4,011158000250
15,IBOC,0,0,BEM_DEFAULT_COMMENT,0,34,AB015E4,072103001277
15,IBOC,0,0,BEM_DEFAULT_COMMENT,0,34,AB015E4,001101109443
15,IBOC,0,0,BEM_DEFAULT_COMMENT,0,34,AB015E4,072103001633
15,IBOC,0,0,BEM_DEFAULT_COMMENT,0,34,AB015E4,014103017544
15,IBOC,0,0,BEM_DEFAULT_COMMENT,0,34,AB015E4,014101007398
15,IBOC,0,0,BEM_DEFAULT_COMMENT,0,34,AB015E4,014157000038
15,IBOC,0,0,BEM_DEFAULT_COMMENT,0,34,AB015E4,014157000046
15,IBOC,0,0,BEM_DEFAULT_COMMENT,0,34,AB015E4,014101007401
15,IBOC,0,0,BEM_DEFAULT_COMMENT,0,34,AB015E4,014141000300
15,IBOC,0,0,BEM_DEFAULT_COMMENT,0,34,AB015E4,072141000231
15,IBOC,0,0,BEM_DEFAULT_COMMENT,0,34,AB015E4,022202001806
15,IBOC,0,0,BEM_DEFAULT_COMMENT,0,34,AB015E4,072203001496
15,IBOC,0,0,BEM_DEFAULT_COMMENT,0,34,AB015E4,072141000274
15,IBOC,0,0,BEM_DEFAULT_COMMENT,0,34,AB015E4,072141000290
15,IBOC,0,0,BEM_DEFAULT_COMMENT,0,34,AB015E4,011158000412
15,IBOC,0,0,BEM_DEFAULT_COMMENT,0,34,AB015E4,014160002100
15,IBOC,0,0,BEM_DEFAULT_COMMENT,0,34,AB015E4,001100000782
15,IBOC,0,0,BEM_DEFAULT_COMMENT,0,34,AB015E4,001206000200
15,IBOC,0,0,BEM_DEFAULT_COMMENT,0,34,AB015E4,034103003627
15,IBOC,0,0,BEM_DEFAULT_COMMENT,0,34,AB015E4,001100001029
15,IBOC,0,0,BEM_DEFAULT_COMMENT,0,34,AB015E4,001100001045
15,IBOC,0,0,BEM_DEFAULT_COMMENT,0,34,AB015E4,011158000544
15,IBOC,0,0,BEM_DEFAULT_COMMENT,0,34,AB015E4,072103001625
15,IBOC,0,0,BEM_DEFAULT_COMMENT,0,34,AB015E4,072158000027
15,IBOC,0,0,BEM_DEFAULT_COMMENT,0,34,AB015E4,001100001134
15,IBOC,0,0,BEM_DEFAULT_COMMENT,0,34,AB015E4,011101020481
15,IBOC,0,0,BEM_DEFAULT_COMMENT,0,34,AB015E4,001103000368
15,IBOC,0,0,BEM_DEFAULT_COMMENT,0,34,AB015E4,011103033823
15,IBOC,0,0,BEM_DEFAULT_COMMENT,0,34,AB015E4,011100014925
15,IBOC,0,0,BEM_DEFAULT_COMMENT,0,34,AB015E4,027203002039
15,IBOC,0,0,BEM_DEFAULT_COMMENT,0,34,AB015E4,072103001269
15,IBOC,0,0,BEM_DEFAULT_COMMENT,0,34,AB015E4,014203005439
15,IBOC,0,0,BEM_DEFAULT_COMMENT,0,34,AB015E4,027203001989
15,IBOC,0,0,BEM_DEFAULT_COMMENT,0,34,AB015E4,072103001129
15,IBOC,0,0,BEM_DEFAULT_COMMENT,0,34,AB015E4,072103001153
15,IBOC,0,0,BEM_DEFAULT_COMMENT,0,34,AB015E4,072103001196
15,IBOC,0,0,BEM_DEFAULT_COMMENT,0,34,AB015E4,072103001013
15,IBOC,0,0,BEM_DEFAULT_COMMENT,0,34,AB015E4,072103000998
15,IBOC,0,0,BEM_DEFAULT_COMMENT,0,34,AB015E4,001100001126
15,IBOC,0,0,BEM_DEFAULT_COMMENT,0,34,AB015E4,014141000378
15,IBOC,0,0,BEM_DEFAULT_COMMENT,0,34,AB015E4,014101007479
15,IBOC,0,0,BEM_DEFAULT_COMMENT,0,34,AB015E4,072141000401
15,IBOC,0,0,BEM_DEFAULT_COMMENT,0,34,AB015E4,001113000115
15,IBOC,0,0,BEM_DEFAULT_COMMENT,0,34,AB015E4,014157000011
15,IBOC,0,0,BEM_DEFAULT_COMMENT,0,34,AB015E4,014101007487
15,IBOC,0,0,BEM_DEFAULT_COMMENT,0,34,AB015E4,072103001668
15,IBOC,0,0,BEM_DEFAULT_COMMENT,0,34,AB015E4,034103003643
15,IBOC,0,0,BEM_DEFAULT_COMMENT,0,34,AB015E4,072103001749
15,IBOC,0,0,BEM_DEFAULT_COMMENT,0,34,AB015E4,011158000560
15,IBOC,0,0,BEM_DEFAULT_COMMENT,0,34,AB015E4,014203005382
15,IBOC,0,0,BEM_DEFAULT_COMMENT,0,34,AB015E4,001113000131
15,IBOC,0,0,BEM_DEFAULT_COMMENT,0,34,AB015E4,014101007452
15,IBOC,0,0,BEM_DEFAULT_COMMENT,0,34,AB015E4,070101000015
15,IBOC,0,0,BEM_DEFAULT_COMMENT,0,34,AB015E4,011206000304
15,IBOC,0,0,BEM_DEFAULT_COMMENT,0,34,AB015E4,001101109451
15,IBOC,0,0,BEM_DEFAULT_COMMENT,0,34,AB015E4,011158000404
15,IBOC,0,0,BEM_DEFAULT_COMMENT,0,34,AB015E4,011206000436
15,IBOC,0,0,BEM_DEFAULT_COMMENT,0,34,AB015E4,011206000452
15,IBOC,0,0,BEM_DEFAULT_COMMENT,0,34,AB015E4,072103001137
15,IBOC,0,0,BEM_DEFAULT_COMMENT,0,34,AB015E4,072103001420
15,IBOC,0,0,BEM_DEFAULT_COMMENT,0,34,AB015E4,011202002914
15,IBOC,0,0,BEM_DEFAULT_COMMENT,0,34,AB015E4,001101109729
15,IBOC,0,0,BEM_DEFAULT_COMMENT,0,34,AB015E4,001101109737
15,IBOC,0,0,BEM_DEFAULT_COMMENT,0,34,AB015E4,072141000371
15,IBOC,0,0,BEM_DEFAULT_COMMENT,0,34,AB015E4,014103017536
15,IBOC,0,0,BEM_DEFAULT_COMMENT,0,34,AB015E4,014160001147
15,IBOC,0,0,BEM_DEFAULT_COMMENT,0,34,AB015E4,034103003554
15,IBOC,0,0,BEM_DEFAULT_COMMENT,0,34,AB015E4,011158000129
15,IBOC,0,0,BEM_DEFAULT_COMMENT,0,34,AB015E4,011206000258
15,IBOC,0,0,BEM_DEFAULT_COMMENT,0,34,AB015E4,072103001048
15,IBOC,0,0,BEM_DEFAULT_COMMENT,0,34,AB015E4,072103001064
15,IBOC,0,0,BEM_DEFAULT_COMMENT,0,34,AB015E4,011158000153
15,IBOC,0,0,BEM_DEFAULT_COMMENT,0,34,AB015E4,072103001072
15,IBOC,0,0,BEM_DEFAULT_COMMENT,0,34,AB015E4,072103001080
15,IBOC,0,0,BEM_DEFAULT_COMMENT,0,34,AB015E4,072103001099
15,IBOC,0,0,BEM_DEFAULT_COMMENT,0,34,AB015E4,072103001102
15,IBOC,0,0,BEM_DEFAULT_COMMENT,0,34,AB015E4,072103001145
15,IBOC,0,0,BEM_DEFAULT_COMMENT,0,34,AB015E4,072103000874
15,IBOC,0,0,BEM_DEFAULT_COMMENT,0,34,AB015E4,072141000398
15,IBOC,0,0,BEM_DEFAULT_COMMENT,0,34,AB015E4,014141000386
15,IBOC,0,0,BEM_DEFAULT_COMMENT,0,34,AB015E4,014157000089
15,IBOC,0,0,BEM_DEFAULT_COMMENT,0,34,AB015E4,001100000952
15,IBOC,0,0,BEM_DEFAULT_COMMENT,0,34,AB015E4,027202000695
15,IBOC,0,0,BEM_DEFAULT_COMMENT,0,34,AB015E4,072103001188
15,IBOC,0,0,BEM_DEFAULT_COMMENT,0,34,AB015E4,072103001366
15,IBOC,0,0,BEM_DEFAULT_COMMENT,0,34,AB015E4,072103001390
15,IBOC,0,0,BEM_DEFAULT_COMMENT,0,34,AB015E4,022206000022
15,IBOC,0,0,BEM_DEFAULT_COMMENT,0,34,AB015E4,072141000320
15,IBOC,0,0,BEM_DEFAULT_COMMENT,0,34,AB015E4,014141000335
15,IBOC,0,0,BEM_DEFAULT_COMMENT,0,34,AB015E4,014141000343
15,IBOC,0,0,BEM_DEFAULT_COMMENT,0,34,AB015E4,001104000043
15,IBOC,0,0,BEM_DEFAULT_COMMENT,0,34,AB015E4,072203001208
15,IBOC,0,0,BEM_DEFAULT_COMMENT,0,34,AB015E4,014160001643
15,IBOC,0,0,BEM_DEFAULT_COMMENT,0,34,AB015E4,014160001686
15,IBOC,0,0,BEM_DEFAULT_COMMENT,0,34,AB015E4,072203001216
15,IBOC,0,0,BEM_DEFAULT_COMMENT,0,34,AB015E4,001101109397
15,IBOC,0,0,BEM_DEFAULT_COMMENT,0,34,AB015E4,001101109427
15,IBOC,0,0,BEM_DEFAULT_COMMENT,0,34,AB015E4,001206000227
15,IBOC,0,0,BEM_DEFAULT_COMMENT,0,34,AB015E4,072203001259
15,IBOC,0,0,BEM_DEFAULT_COMMENT,0,34,AB015E4,012158000010
15,IBOC,0,0,BEM_DEFAULT_COMMENT,0,34,AB015E4,072141000312
15,IBOC,0,0,BEM_DEFAULT_COMMENT,0,34,AB015E4,014101007436
15,IBOC,0,0,BEM_DEFAULT_COMMENT,0,34,AB015E4,033160000022
15,IBOC,0,0,BEM_DEFAULT_COMMENT,0,34,AB015E4,033160000030
15,IBOC,0,0,BEM_DEFAULT_COMMENT,0,34,AB015E4,014203004904
15,IBOC,0,0,BEM_DEFAULT_COMMENT,0,34,AB015E4,014160001074
15,IBOC,0,0,BEM_DEFAULT_COMMENT,0,34,AB015E4,014203005056
15,IBOC,0,0,BEM_DEFAULT_COMMENT,0,34,AB015E4,027203002012
15,IBOC,0,0,BEM_DEFAULT_COMMENT,0,34,AB015E4,027203002047
15,IBOC,0,0,BEM_DEFAULT_COMMENT,0,34,AB015E4,011158000285
15,IBOC,0,0,BEM_DEFAULT_COMMENT,0,34,AB015E4,014101007444
15,IBOC,0,0,BEM_DEFAULT_COMMENT,0,34,AB015E4,014141000327
15,IBOC,0,0,BEM_DEFAULT_COMMENT,0,34,AB015E4,072141000339
15,IBOC,0,0,BEM_DEFAULT_COMMENT,0,34,AB015E4,072141000363
15,IBOC,0,0,BEM_DEFAULT_COMMENT,0,34,AB015E4,027101004095
15,IBOC,0,0,BEM_DEFAULT_COMMENT,0,34,AB015E4,011101020473
15,IBOC,0,0,BEM_DEFAULT_COMMENT,0,34,AB015E4,001101109826
15,IBOC,0,0,BEM_DEFAULT_COMMENT,0,34,AB015E4,014203004971
15,IBOC,0,0,BEM_DEFAULT_COMMENT,0,34,AB015E4,033160000065
15,IBOC,0,0,BEM_DEFAULT_COMMENT,0,34,AB015E4,001100000685
15,IBOC,0,0,BEM_DEFAULT_COMMENT,0,34,AB015E4,001100000693
15,IBOC,0,0,BEM_DEFAULT_COMMENT,0,34,AB015E4,001100000715
15,IBOC,0,0,BEM_DEFAULT_COMMENT,0,34,AB015E4,001207000042
15,IBOC,0,0,BEM_DEFAULT_COMMENT,0,34,AB015E4,011160000963
15,IBOC,0,0,BEM_DEFAULT_COMMENT,0,34,AB015E4,072103001447
15,IBOC,0,0,BEM_DEFAULT_COMMENT,0,34,AB015E4,001101109486
15,IBOC,0,0,BEM_DEFAULT_COMMENT,0,34,AB015E4,011206000479
15,IBOC,0,0,BEM_DEFAULT_COMMENT,0,34,AB015E4,001101109818
15,IBOC,0,0,BEM_DEFAULT_COMMENT,0,34,AB015E4,001101109834
15,IBOC,0,0,BEM_DEFAULT_COMMENT,0,34,AB015E4,011206000614
15,IBOC,0,0,BEM_DEFAULT_COMMENT,0,34,AB015E4,014160002224
15,IBOC,0,0,BEM_DEFAULT_COMMENT,0,34,AB015E4,014141000238
15,IBOC,0,0,BEM_DEFAULT_COMMENT,0,34,AB015E4,011201318403
15,IBOC,0,0,BEM_DEFAULT_COMMENT,0,34,AB015E4,014160001406
15,IBOC,0,0,BEM_DEFAULT_COMMENT,0,34,AB015E4,014160001449
15,IBOC,0,0,BEM_DEFAULT_COMMENT,0,34,AB015E4,014160001457
15,IBOC,0,0,BEM_DEFAULT_COMMENT,0,34,AB015E4,001100000669
15,IBOC,0,0,BEM_DEFAULT_COMMENT,0,34,AB015E4,001100000839
15,IBOC,0,0,BEM_DEFAULT_COMMENT,0,34,AB015E4,011103033750
15,IBOC,0,0,BEM_DEFAULT_COMMENT,0,34,AB015E4,057100000028
15,IBOC,0,0,BEM_DEFAULT_COMMENT,0,34,AB015E4,011144000016
15,IBOC,0,0,BEM_DEFAULT_COMMENT,0,34,AB015E4,011207000022
15,IBOC,0,0,BEM_DEFAULT_COMMENT,0,34,AB015E4,024100000191
15,IBOC,0,0,BEM_DEFAULT_COMMENT,0,34,AB015E4,011106000500
15,IBOC,0,0,BEM_DEFAULT_COMMENT,0,34,AB015E4,001100000634
15,IBOC,0,0,BEM_DEFAULT_COMMENT,0,34,AB015E4,014160001899
15,IBOC,0,0,BEM_DEFAULT_COMMENT,0,34,AB015E4,014160001902
15,IBOC,0,0,BEM_DEFAULT_COMMENT,0,34,AB015E4,011158000102
15,IBOC,0,0,BEM_DEFAULT_COMMENT,0,34,AB015E4,014203004963
15,IBOC,0,0,BEM_DEFAULT_COMMENT,0,34,AB015E4,033160000073
15,IBOC,0,0,BEM_DEFAULT_COMMENT,0,34,AB015E4,011206000339
15,IBOC,0,0,BEM_DEFAULT_COMMENT,0,34,AB015E4,021100000254
15,IBOC,0,0,BEM_DEFAULT_COMMENT,0,34,AB015E4,001145000013
15,IBOC,0,0,BEM_DEFAULT_COMMENT,0,34,AB015E4,011156000016
15,IBOC,0,0,BEM_DEFAULT_COMMENT,0,34,AB015E4,014202002630
15,IBOC,0,0,BEM_DEFAULT_COMMENT,0,34,AB015E4,016100000262
15,IBOC,0,0,BEM_DEFAULT_COMMENT,0,34,AB015E4,011160000955
15,IBOC,0,0,BEM_DEFAULT_COMMENT,0,34,AB015E4,014160001031
15,IBOC,0,0,BEM_DEFAULT_COMMENT,0,34,AB015E4,026150000017
15,IBOC,0,0,BEM_DEFAULT_COMMENT,0,34,AB015E4,014160001155
15,IBOC,0,0,BEM_DEFAULT_COMMENT,0,34,AB015E4,014160001066
15,IBOC,0,0,BEM_DEFAULT_COMMENT,0,34,AB015E4,037101001874
15,IBOC,0,0,BEM_DEFAULT_COMMENT,0,34,AB015E4,014101007339
15,IBOC,0,0,BEM_DEFAULT_COMMENT,0,34,AB015E4,037101001866
15,IBOC,0,0,BEM_DEFAULT_COMMENT,0,34,AB015E4,014160001279
15,IBOC,0,0,BEM_DEFAULT_COMMENT,0,34,AB015E4,014160001287
15,IBOC,0,0,BEM_DEFAULT_COMMENT,0,34,AB015E4,014203005188
15,IBOC,0,0,BEM_DEFAULT_COMMENT,0,34,AB015E4,037101001882
15,IBOC,0,0,BEM_DEFAULT_COMMENT,0,34,AB015E4,014203005048
15,IBOC,0,0,BEM_DEFAULT_COMMENT,0,34,AB015E4,014160001112
15,IBOC,0,0,BEM_DEFAULT_COMMENT,0,34,AB015E4,011236000035
15,IBOC,0,0,BEM_DEFAULT_COMMENT,0,34,AB015E4,014160001120
15,IBOC,0,0,BEM_DEFAULT_COMMENT,0,34,AB015E4,014160001139
15,IBOC,0,0,BEM_DEFAULT_COMMENT,0,34,AB015E4,001100000626
15,IBOC,0,0,BEM_DEFAULT_COMMENT,0,34,AB015E4,014160001163
15,IBOC,0,0,BEM_DEFAULT_COMMENT,0,34,AB015E4,014203005161
15,IBOC,0,0,BEM_DEFAULT_COMMENT,0,34,AB015E4,014160001198
15,IBOC,0,0,BEM_DEFAULT_COMMENT,0,34,AB015E4,011160001013
15,IBOC,0,0,BEM_DEFAULT_COMMENT,0,34,AB015E4,014160001244
15,IBOC,0,0,BEM_DEFAULT_COMMENT,0,34,AB015E4,037101001858
15,IBOC,0,0,BEM_DEFAULT_COMMENT,0,34,AB015E4,037206000033
15,IBOC,0,0,BEM_DEFAULT_COMMENT,0,34,AB015E4,014160001252
15,IBOC,0,0,BEM_DEFAULT_COMMENT,0,34,AB015E4,072203001089
15,IBOC,0,0,BEM_DEFAULT_COMMENT,0,34,AB015E4,014160000965
15,IBOC,0,0,BEM_DEFAULT_COMMENT,0,34,AB015E4,014203005153
15,IBOC,0,0,BEM_DEFAULT_COMMENT,0,34,AB015E4,014160000973
15,IBOC,0,0,BEM_DEFAULT_COMMENT,0,34,AB015E4,014203004807
15,IBOC,0,0,BEM_DEFAULT_COMMENT,0,34,AB015E4,072160000101
15,IBOC,0,0,BEM_DEFAULT_COMMENT,0,34,AB015E4,004114000013
15,IBOC,0,0,BEM_DEFAULT_COMMENT,0,34,AB015E4,014203005013
15,IBOC,0,0,BEM_DEFAULT_COMMENT,0,34,AB015E4,014160001228
15,IBOC,0,0,BEM_DEFAULT_COMMENT,0,34,AB015E4,027101004087
15,IBOC,0,0,BEM_DEFAULT_COMMENT,0,34,AB015E4,014160001236
15,IBOC,0,0,BEM_DEFAULT_COMMENT,0,34,AB015E4,014160001260
15,IBOC,0,0,BEM_DEFAULT_COMMENT,0,34,AB015E4,014160001295
15,IBOC,0,0,BEM_DEFAULT_COMMENT,0,34,AB015E4,014203005110
15,IBOC,0,0,BEM_DEFAULT_COMMENT,0,34,AB015E4,014203005137
15,IBOC,0,0,BEM_DEFAULT_COMMENT,0,34,AB015E4,014203005145
15,IBOC,0,0,BEM_DEFAULT_COMMENT,0,34,AB015E4,001101109362
15,IBOC,0,0,BEM_DEFAULT_COMMENT,0,34,AB015E4,014203005129
15,IBOC,0,0,BEM_DEFAULT_COMMENT,0,34,AB015E4,003108000018
15,IBOC,0,0,BEM_DEFAULT_COMMENT,0,34,AB015E4,072203001127
15,IBOC,0,0,BEM_DEFAULT_COMMENT,0,34,AB015E4,011158000080
15,IBOC,0,0,BEM_DEFAULT_COMMENT,0,34,AB015E4,011160000998
15,IBOC,0,0,BEM_DEFAULT_COMMENT,0,34,AB015E4,014160001201
15,IBOC,0,0,BEM_DEFAULT_COMMENT,0,34,AB015E4,011160000971
15,IBOC,0,0,BEM_DEFAULT_COMMENT,0,34,AB015E4,011160001005
15,IBOC,0,0,BEM_DEFAULT_COMMENT,0,34,AB015E4,014160001309
15,IBOC,0,0,BEM_DEFAULT_COMMENT,0,34,AB015E4,074160000041
15,IBOC,0,0,BEM_DEFAULT_COMMENT,0,34,AB015E4,034101002461
15,IBOC,0,0,BEM_DEFAULT_COMMENT,0,34,AB015E4,011201318365
15,IBOC,0,0,BEM_DEFAULT_COMMENT,0,34,AB015E4,072203001151
15,IBOC,0,0,BEM_DEFAULT_COMMENT,0,34,AB015E4,014160001325
15,IBOC,0,0,BEM_DEFAULT_COMMENT,0,34,AB015E4,014160001392
15,IBOC,0,0,BEM_DEFAULT_COMMENT,0,34,AB015E4,072141000061
15,IBOC,0,0,BEM_DEFAULT_COMMENT,0,34,AB015E4,001100001193
15,IBOC,0,0,BEM_DEFAULT_COMMENT,0,34,AB015E4,001100001207
15,IBOC,0,0,BEM_DEFAULT_COMMENT,0,34,AB015E4,001100001215
15,IBOC,0,0,BEM_DEFAULT_COMMENT,0,34,AB015E4,014160002267
15,IBOC,0,0,BEM_DEFAULT_COMMENT,0,34,AB015E4,011201318357
15,IBOC,0,0,BEM_DEFAULT_COMMENT,0,34,AB015E4,072103000440
15,IBOC,0,0,BEM_DEFAULT_COMMENT,0,34,AB015E4,072103000483
15,IBOC,0,0,BEM_DEFAULT_COMMENT,0,34,AB015E4,014160001791
15,IBOC,0,0,BEM_DEFAULT_COMMENT,0,34,AB015E4,072103000505
15,IBOC,0,0,BEM_DEFAULT_COMMENT,0,34,AB015E4,072103000521
15,IBOC,0,0,BEM_DEFAULT_COMMENT,0,34,AB015E4,072103000564
15,IBOC,0,0,BEM_DEFAULT_COMMENT,0,34,AB015E4,014160001805
15,IBOC,0,0,BEM_DEFAULT_COMMENT,0,34,AB015E4,014160001813
15,IBOC,0,0,BEM_DEFAULT_COMMENT,0,34,AB015E4,014203005269
15,IBOC,0,0,BEM_DEFAULT_COMMENT,0,34,AB015E4,014203004815
15,IBOC,0,0,BEM_DEFAULT_COMMENT,0,34,AB015E4,014203004823
15,IBOC,0,0,BEM_DEFAULT_COMMENT,0,34,AB015E4,072203001070
15,IBOC,0,0,BEM_DEFAULT_COMMENT,0,34,AB015E4,072103000548
15,IBOC,0,0,BEM_DEFAULT_COMMENT,0,34,AB015E4,072103000572
15,IBOC,0,0,BEM_DEFAULT_COMMENT,0,34,AB015E4,001101109907
15,IBOC,0,0,BEM_DEFAULT_COMMENT,0,34,AB015E4,001100001258
15,IBOC,0,0,BEM_DEFAULT_COMMENT,0,34,AB015E4,014203005285
15,IBOC,0,0,BEM_DEFAULT_COMMENT,0,34,AB015E4,014203005307
15,IBOC,0,0,BEM_DEFAULT_COMMENT,0,34,AB015E4,014203005323
15,IBOC,0,0,BEM_DEFAULT_COMMENT,0,34,AB015E4,072103001617
15,IBOC,0,0,BEM_DEFAULT_COMMENT,0,34,AB015E4,072103001641
15,IBOC,0,0,BEM_DEFAULT_COMMENT,0,34,AB015E4,014202002665
15,IBOC,0,0,BEM_DEFAULT_COMMENT,0,34,AB015E4,014141000211
15,IBOC,0,0,BEM_DEFAULT_COMMENT,0,34,AB015E4,014160001724
15,IBOC,0,0,BEM_DEFAULT_COMMENT,0,34,AB015E4,011206000150
15,IBOC,0,0,BEM_DEFAULT_COMMENT,0,34,AB015E4,011206000177
15,IBOC,0,0,BEM_DEFAULT_COMMENT,0,34,AB015E4,072103001218
15,IBOC,0,0,BEM_DEFAULT_COMMENT,0,34,AB015E4,001101109605
15,IBOC,0,0,BEM_DEFAULT_COMMENT,0,34,AB015E4,011158000552
15,IBOC,0,0,BEM_DEFAULT_COMMENT,0,34,AB015E4,072141000126
15,IBOC,0,0,BEM_DEFAULT_COMMENT,0,34,AB015E4,011158000587
15,IBOC,0,0,BEM_DEFAULT_COMMENT,0,34,AB015E4,072141000134
15,IBOC,0,0,BEM_DEFAULT_COMMENT,0,34,AB015E4,022141000019
15,IBOC,0,0,BEM_DEFAULT_COMMENT,0,34,AB015E4,046101002233
15,IBOC,0,0,BEM_DEFAULT_COMMENT,0,34,AB015E4,011204002121
15,IBOC,0,0,BEM_DEFAULT_COMMENT,0,34,AB015E4,001100000642
15,IBOC,0,0,BEM_DEFAULT_COMMENT,0,34,AB015E4,011206000207
15,IBOC,0,0,BEM_DEFAULT_COMMENT,0,34,AB015E4,011206000215
15,IBOC,0,0,BEM_DEFAULT_COMMENT,0,34,AB015E4,011158000110
15,IBOC,0,0,BEM_DEFAULT_COMMENT,0,34,AB015E4,011202002892
15,IBOC,0,0,BEM_DEFAULT_COMMENT,0,34,AB015E4,011158000307
15,IBOC,0,0,BEM_DEFAULT_COMMENT,0,34,AB015E4,001100001118
15,IBOC,0,0,BEM_DEFAULT_COMMENT,0,34,AB015E4,014203005412
15,IBOC,0,0,BEM_DEFAULT_COMMENT,0,34,AB015E4,072141000010
15,IBOC,0,0,BEM_DEFAULT_COMMENT,0,34,AB015E4,034202001327
15,IBOC,0,0,BEM_DEFAULT_COMMENT,0,34,AB015E4,072103000610
15,IBOC,0,0,BEM_DEFAULT_COMMENT,0,34,AB015E4,034103003481
15,IBOC,0,0,BEM_DEFAULT_COMMENT,0,34,AB015E4,034103003546
15,IBOC,0,0,BEM_DEFAULT_COMMENT,0,34,AB015E4,014160002127
15,IBOC,0,0,BEM_DEFAULT_COMMENT,0,34,AB015E4,014203005242
15,IBOC,0,0,BEM_DEFAULT_COMMENT,0,34,AB015E4,011206000460
15,IBOC,0,0,BEM_DEFAULT_COMMENT,0,34,AB015E4,012100000557
15,IBOC,0,0,BEM_DEFAULT_COMMENT,0,34,AB015E4,072103000424
15,IBOC,0,0,BEM_DEFAULT_COMMENT,0,34,AB015E4,072103000459
15,IBOC,0,0,BEM_DEFAULT_COMMENT,0,34,AB015E4,072103000513
15,IBOC,0,0,BEM_DEFAULT_COMMENT,0,34,AB015E4,034103003449
15,IBOC,0,0,BEM_DEFAULT_COMMENT,0,34,AB015E4,072101001075
15,IBOC,0,0,BEM_DEFAULT_COMMENT,0,34,AB015E4,001100001002
15,IBOC,0,0,BEM_DEFAULT_COMMENT,0,34,AB015E4,072103001242
15,IBOC,0,0,BEM_DEFAULT_COMMENT,0,34,AB015E4,072101001148
15,IBOC,0,0,BEM_DEFAULT_COMMENT,0,34,AB015E4,072101001156
15,IBOC,0,0,BEM_DEFAULT_COMMENT,0,34,AB015E4,011158000536
15,IBOC,0,0,BEM_DEFAULT_COMMENT,0,34,AB015E4,072101001121
15,IBOC,0,0,BEM_DEFAULT_COMMENT,0,34,AB015E4,072103001285
15,IBOC,0,0,BEM_DEFAULT_COMMENT,0,34,AB015E4,014202002649
15,IBOC,0,0,BEM_DEFAULT_COMMENT,0,34,AB015E4,072141000177
15,IBOC,0,0,BEM_DEFAULT_COMMENT,0,34,AB015E4,001100001231
15,IBOC,0,0,BEM_DEFAULT_COMMENT,0,34,AB015E4,014202002673
15,IBOC,0,0,BEM_DEFAULT_COMMENT,0,34,AB015E4,014141000254
15,IBOC,0,0,BEM_DEFAULT_COMMENT,0,34,AB015E4,014101007371
15,IBOC,0,0,BEM_DEFAULT_COMMENT,0,34,AB015E4,072141000193
15,IBOC,0,0,BEM_DEFAULT_COMMENT,0,34,AB015E4,072141000215
15,IBOC,0,0,BEM_DEFAULT_COMMENT,0,34,AB015E4,072203001488
15,IBOC,0,0,BEM_DEFAULT_COMMENT,0,34,AB015E4,014141000270
15,IBOC,0,0,BEM_DEFAULT_COMMENT,0,34,AB015E4,072103001455
15,IBOC,0,0,BEM_DEFAULT_COMMENT,0,34,AB015E4,072103001498
15,IBOC,0,0,BEM_DEFAULT_COMMENT,0,34,AB015E4,072103001536
15,IBOC,0,0,BEM_DEFAULT_COMMENT,0,34,AB015E4,011202002949
15,IBOC,0,0,BEM_DEFAULT_COMMENT,0,34,AB015E4,011202002957
15,IBOC,0,0,BEM_DEFAULT_COMMENT,0,34,AB015E4,072219000028
15,IBOC,0,0,BEM_DEFAULT_COMMENT,0,34,AB015E4,011158000315
15,IBOC,0,0,BEM_DEFAULT_COMMENT,0,34,AB015E4,011206000320
15,IBOC,0,0,BEM_DEFAULT_COMMENT,0,34,AB015E4,001101109745
15,IBOC,0,0,BEM_DEFAULT_COMMENT,0,34,AB015E4,001101109753
15,IBOC,0,0,BEM_DEFAULT_COMMENT,0,34,AB015E4,001101109761
15,IBOC,0,0,BEM_DEFAULT_COMMENT,0,34,AB015E4,011103033769
15,IBOC,0,0,BEM_DEFAULT_COMMENT,0,34,AB015E4,072103001307
15,IBOC,0,0,BEM_DEFAULT_COMMENT,0,34,AB015E4,072103001323
15,IBOC,0,0,BEM_DEFAULT_COMMENT,0,34,AB015E4,001101109249
15,IBOC,0,0,BEM_DEFAULT_COMMENT,0,34,AB015E4,011206000533
15,IBOC,0,0,BEM_DEFAULT_COMMENT,0,34,AB015E4,002101000503
15,IBOC,0,0,BEM_DEFAULT_COMMENT,0,34,AB015E4,072103001595
15,IBOC,0,0,BEM_DEFAULT_COMMENT,0,34,AB015E4,011206000444
15,IBOC,0,0,BEM_DEFAULT_COMMENT,0,34,AB015E4,001101109559
15,IBOC,0,0,BEM_DEFAULT_COMMENT,0,34,AB015E4,001101109575
15,IBOC,0,0,BEM_DEFAULT_COMMENT,0,34,AB015E4,001101109583
15,IBOC,0,0,BEM_DEFAULT_COMMENT,0,34,AB015E4,001101109591
15,IBOC,0,0,BEM_DEFAULT_COMMENT,0,34,AB015E4,001101109710
15,IBOC,0,0,BEM_DEFAULT_COMMENT,0,34,AB015E4,014141000181
15,IBOC,0,0,BEM_DEFAULT_COMMENT,0,34,AB015E4,014160001910
15,IBOC,0,0,BEM_DEFAULT_COMMENT,0,34,AB015E4,034103003511
15,IBOC,0,0,BEM_DEFAULT_COMMENT,0,34,AB015E4,034103003538
15,IBOC,0,0,BEM_DEFAULT_COMMENT,0,34,AB015E4,001100000960
15,IBOC,0,0,BEM_DEFAULT_COMMENT,0,34,AB015E4,001100000979
15,IBOC,0,0,BEM_DEFAULT_COMMENT,0,34,AB015E4,001100000987
15,IBOC,0,0,BEM_DEFAULT_COMMENT,0,34,AB015E4,072103000904
15,IBOC,0,0,BEM_DEFAULT_COMMENT,0,34,AB015E4,072103000912
15,IBOC,0,0,BEM_DEFAULT_COMMENT,0,34,AB015E4,011158000137
15,IBOC,0,0,BEM_DEFAULT_COMMENT,0,34,AB015E4,001100001088
15,IBOC,0,0,BEM_DEFAULT_COMMENT,0,34,AB015E4,001100001096
15,IBOC,0,0,BEM_DEFAULT_COMMENT,0,34,AB015E4,001101109478
15,IBOC,0,0,BEM_DEFAULT_COMMENT,0,34,AB015E4,001101109516
15,IBOC,0,0,BEM_DEFAULT_COMMENT,0,34,AB015E4,001101109540
15,IBOC,0,0,BEM_DEFAULT_COMMENT,0,34,AB015E4,001101109672
15,IBOC,0,0,BEM_DEFAULT_COMMENT,0,34,AB015E4,014158000031
15,IBOC,0,0,BEM_DEFAULT_COMMENT,0,34,AB015E4,011236000027
15,IBOC,0,0,BEM_DEFAULT_COMMENT,0,34,AB015E4,014160001945
15,IBOC,0,0,BEM_DEFAULT_COMMENT,0,34,AB015E4,014160001961
15,IBOC,0,0,BEM_DEFAULT_COMMENT,0,34,AB015E4,014160002003
15,IBOC,0,0,BEM_DEFAULT_COMMENT,0,34,AB015E4,072103000637
15,IBOC,0,0,BEM_DEFAULT_COMMENT,0,34,AB015E4,072103000645
15,IBOC,0,0,BEM_DEFAULT_COMMENT,0,34,AB015E4,072103000653
15,IBOC,0,0,BEM_DEFAULT_COMMENT,0,34,AB015E4,072103000688
15,IBOC,0,0,BEM_DEFAULT_COMMENT,0,34,AB015E4,072103000718
15,IBOC,0,0,BEM_DEFAULT_COMMENT,0,34,AB015E4,072103000750
15,IBOC,0,0,BEM_DEFAULT_COMMENT,0,34,AB015E4,072103000777
15,IBOC,0,0,BEM_DEFAULT_COMMENT,0,34,AB015E4,034103003570
15,IBOC,0,0,BEM_DEFAULT_COMMENT,0,34,AB015E4,034103003589
15,IBOC,0,0,BEM_DEFAULT_COMMENT,0,34,AB015E4,072203001399
15,IBOC,0,0,BEM_DEFAULT_COMMENT,0,34,AB015E4,011206000231
15,IBOC,0,0,BEM_DEFAULT_COMMENT,0,34,AB015E4,071202000367
15,IBOC,0,0,BEM_DEFAULT_COMMENT,0,34,AB015E4,001101109494
15,IBOC,0,0,BEM_DEFAULT_COMMENT,0,34,AB015E4,072141000355
15,IBOC,0,0,BEM_DEFAULT_COMMENT,0,34,AB015E4,014160001333
15,IBOC,0,0,BEM_DEFAULT_COMMENT,0,34,AB015E4,014160001376
15,IBOC,0,0,BEM_DEFAULT_COMMENT,0,34,AB015E4,014160001430
15,IBOC,0,0,BEM_DEFAULT_COMMENT,0,34,AB015E4,014203005196
15,IBOC,0,0,BEM_DEFAULT_COMMENT,0,34,AB015E4,072103000955
15,IBOC,0,0,BEM_DEFAULT_COMMENT,0,34,AB015E4,072101001113
15,IBOC,0,0,BEM_DEFAULT_COMMENT,0,34,AB015E4,011158000234
15,IBOC,0,0,BEM_DEFAULT_COMMENT,0,34,AB015E4,011206000274
15,IBOC,0,0,BEM_DEFAULT_COMMENT,0,34,AB015E4,011206000282
15,IBOC,0,0,BEM_DEFAULT_COMMENT,0,34,AB015E4,072103001226
15,IBOC,0,0,BEM_DEFAULT_COMMENT,0,34,AB015E4,072103001250
15,IBOC,0,0,BEM_DEFAULT_COMMENT,0,34,AB015E4,072103001358
15,IBOC,0,0,BEM_DEFAULT_COMMENT,0,34,AB015E4,014141000114
15,IBOC,0,0,BEM_DEFAULT_COMMENT,0,34,AB015E4,014141000130
15,IBOC,0,0,BEM_DEFAULT_COMMENT,0,34,AB015E4,014158000066
15,IBOC,0,0,BEM_DEFAULT_COMMENT,0,34,AB015E4,072141000053
15,IBOC,0,0,BEM_DEFAULT_COMMENT,0,34,AB015E4,014160000981
15,IBOC,0,0,BEM_DEFAULT_COMMENT,0,34,AB015E4,001101109869
15,IBOC,0,0,BEM_DEFAULT_COMMENT,0,34,AB015E4,072203001364
15,IBOC,0,0,BEM_DEFAULT_COMMENT,0,34,AB015E4,072203001380
15,IBOC,0,0,BEM_DEFAULT_COMMENT,0,34,AB015E4,072203001437
15,IBOC,0,0,BEM_DEFAULT_COMMENT,0,34,AB015E4,072103000432
15,IBOC,0,0,BEM_DEFAULT_COMMENT,0,34,AB015E4,072103000467
15,IBOC,0,0,BEM_DEFAULT_COMMENT,0,34,AB015E4,072103000491
15,IBOC,0,0,BEM_DEFAULT_COMMENT,0,34,AB015E4,014160001821
15,IBOC,0,0,BEM_DEFAULT_COMMENT,0,34,AB015E4,072103000599
15,IBOC,0,0,BEM_DEFAULT_COMMENT,0,34,AB015E4,072103000947
15,IBOC,0,0,BEM_DEFAULT_COMMENT,0,34,AB015E4,027203002020
15,IBOC,0,0,BEM_DEFAULT_COMMENT,0,34,AB015E4,072103001021
15,IBOC,0,0,BEM_DEFAULT_COMMENT,0,34,AB015E4,001206000065
15,IBOC,0,0,BEM_DEFAULT_COMMENT,0,34,AB015E4,072103001412
15,IBOC,0,0,BEM_DEFAULT_COMMENT,0,34,AB015E4,011202002922
15,IBOC,0,0,BEM_DEFAULT_COMMENT,0,34,AB015E4,072103001463
15,IBOC,0,0,BEM_DEFAULT_COMMENT,0,34,AB015E4,072103001544
15,IBOC,0,0,BEM_DEFAULT_COMMENT,0,34,AB015E4,014160001023
15,IBOC,0,0,BEM_DEFAULT_COMMENT,0,34,AB015E4,014203005080
15,IBOC,0,0,BEM_DEFAULT_COMMENT,0,34,AB015E4,014160001848
15,IBOC,0,0,BEM_DEFAULT_COMMENT,0,34,AB015E4,011206000142
15,IBOC,0,0,BEM_DEFAULT_COMMENT,0,34,AB015E4,011206000169
15,IBOC,0,0,BEM_DEFAULT_COMMENT,0,34,AB015E4,011206000185
15,IBOC,0,0,BEM_DEFAULT_COMMENT,0,34,AB015E4,011206000193
15,IBOC,0,0,BEM_DEFAULT_COMMENT,0,34,AB015E4,027203002055
15,IBOC,0,0,BEM_DEFAULT_COMMENT,0,34,AB015E4,001101109508
15,IBOC,0,0,BEM_DEFAULT_COMMENT,0,34,AB015E4,014203005250
15,IBOC,0,0,BEM_DEFAULT_COMMENT,0,34,AB015E4,072141000304
15,IBOC,0,0,BEM_DEFAULT_COMMENT,0,34,AB015E4,014101007460
15,IBOC,0,0,BEM_DEFAULT_COMMENT,0,34,AB015E4,014203004793
15,IBOC,0,0,BEM_DEFAULT_COMMENT,0,34,AB015E4,011116000074
15,IBOC,0,0,BEM_DEFAULT_COMMENT,0,34,AB015E4,014160001740
15,IBOC,0,0,BEM_DEFAULT_COMMENT,0,34,AB015E4,012220000011
15,IBOC,0,0,BEM_DEFAULT_COMMENT,0,34,AB015E4,011157000087
15,IBOC,0,0,BEM_DEFAULT_COMMENT,0,34,AB015E4,011158000358
15,IBOC,0,0,BEM_DEFAULT_COMMENT,0,34,AB015E4,011206000363
15,IBOC,0,0,BEM_DEFAULT_COMMENT,0,34,AB015E4,011158000374
15,IBOC,0,0,BEM_DEFAULT_COMMENT,0,34,AB015E4,011158000390
15,IBOC,0,0,BEM_DEFAULT_COMMENT,0,34,AB015E4,011206000568
15,IBOC,0,0,BEM_DEFAULT_COMMENT,0,34,AB015E4,072157000015
15,IBOC,0,0,BEM_DEFAULT_COMMENT,0,34,AB015E4,014160001341
15,IBOC,0,0,BEM_DEFAULT_COMMENT,0,34,AB015E4,014160001384
15,IBOC,0,0,BEM_DEFAULT_COMMENT,0,34,AB015E4,014160001856
15,IBOC,0,0,BEM_DEFAULT_COMMENT,0,34,AB015E4,011101020430
15,IBOC,0,0,BEM_DEFAULT_COMMENT,0,34,AB015E4,027203002004
15,IBOC,0,0,BEM_DEFAULT_COMMENT,0,34,AB015E4,014160001090
15,IBOC,0,0,BEM_DEFAULT_COMMENT,0,34,AB015E4,014203005005
15,IBOC,0,0,BEM_DEFAULT_COMMENT,0,34,AB015E4,011202002876
15,IBOC,0,0,BEM_DEFAULT_COMMENT,0,34,AB015E4,001100000723
15,IBOC,0,0,BEM_DEFAULT_COMMENT,0,34,AB015E4,011204002148
15,IBOC,0,0,BEM_DEFAULT_COMMENT,0,34,AB015E4,001100000774
15,IBOC,0,0,BEM_DEFAULT_COMMENT,0,34,AB015E4,014141000246
15,IBOC,0,0,BEM_DEFAULT_COMMENT,0,34,AB015E4,001101109893
15,IBOC,0,0,BEM_DEFAULT_COMMENT,0,34,AB015E4,014160000957
15,IBOC,0,0,BEM_DEFAULT_COMMENT,0,34,AB015E4,001101109206
15,IBOC,0,0,BEM_DEFAULT_COMMENT,0,34,AB015E4,072103000602
15,IBOC,0,0,BEM_DEFAULT_COMMENT,0,34,AB015E4,034103003473
15,IBOC,0,0,BEM_DEFAULT_COMMENT,0,34,AB015E4,034103003503
15,IBOC,0,0,BEM_DEFAULT_COMMENT,0,34,AB015E4,072103001315
15,IBOC,0,0,BEM_DEFAULT_COMMENT,0,34,AB015E4,011206000487
15,IBOC,0,0,BEM_DEFAULT_COMMENT,0,34,AB015E4,011206000517
15,IBOC,0,0,BEM_DEFAULT_COMMENT,0,34,AB015E4,011158000501
15,IBOC,0,0,BEM_DEFAULT_COMMENT,0,34,AB015E4,014160002135
15,IBOC,0,0,BEM_DEFAULT_COMMENT,0,34,AB015E4,014203005277
15,IBOC,0,0,BEM_DEFAULT_COMMENT,0,34,AB015E4,014160001708
15,IBOC,0,0,BEM_DEFAULT_COMMENT,0,34,AB015E4,014160001732
15,IBOC,0,0,BEM_DEFAULT_COMMENT,0,34,AB015E4,014160001775
15,IBOC,0,0,BEM_DEFAULT_COMMENT,0,34,AB015E4,001100000898
15,IBOC,0,0,BEM_DEFAULT_COMMENT,0,34,AB015E4,011158000366
15,IBOC,0,0,BEM_DEFAULT_COMMENT,0,34,AB015E4,011206000371
15,IBOC,0,0,BEM_DEFAULT_COMMENT,0,34,AB015E4,011206000401
15,IBOC,0,0,BEM_DEFAULT_COMMENT,0,34,AB015E4,011158000455
15,IBOC,0,0,BEM_DEFAULT_COMMENT,0,34,AB015E4,014203004785
15,IBOC,0,0,BEM_DEFAULT_COMMENT,0,34,AB015E4,014203005293
15,IBOC,0,0,BEM_DEFAULT_COMMENT,0,34,AB015E4,014203005315
15,IBOC,0,0,BEM_DEFAULT_COMMENT,0,34,AB015E4,072103001609
15,IBOC,0,0,BEM_DEFAULT_COMMENT,0,34,AB015E4,034103003635
15,IBOC,0,0,BEM_DEFAULT_COMMENT,0,34,AB015E4,014160002143
15,IBOC,0,0,BEM_DEFAULT_COMMENT,0,34,AB015E4,072141000037
15,IBOC,0,0,BEM_DEFAULT_COMMENT,0,34,AB015E4,027203002063
15,IBOC,0,0,BEM_DEFAULT_COMMENT,0,34,AB015E4,014141000122
15,IBOC,0,0,BEM_DEFAULT_COMMENT,0,34,AB015E4,072141000045
