Label,# Samples,Average,Median,90% Line,95% Line,99% Line,Min,Max,Error %,Throughput,Received KB/sec,Sent KB/sec
SC01_Ghana_Dashboard_Validation_TR01_Launch_Application,3,105,104,108,108,108,103,108,0.000%,.44333,10.87,0.52
SC01_Ghana_Dashboard_Validation_TR02_Login,3,1980,1911,2153,2153,2153,1876,2153,0.000%,.51680,6.98,1.07
SC01_Ghana_Dashboard_Validation_TR03_Enter_Otp,3,696,693,704,704,704,693,704,0.000%,1.84502,15.49,4.64
SC01_Ghana_Dashboard_Validation_TR04_View_dashboard,3,3995,3766,4771,4771,4771,3448,4771,0.000%,.11467,1.04,0.71
SC01_Ghana_Dashboard_Validation_TR05_Logout,3,41,34,56,56,56,33,56,0.000%,1.73110,35.35,5.02
SC02_Ghana_View_Casa_Account_TR01_Launch_Application,3,95,95,97,97,97,95,97,0.000%,.44379,10.88,0.52
SC02_Ghana_View_Casa_Account_TR02_Login,3,1971,1904,2138,2138,2138,1872,2138,0.000%,.54161,7.31,1.12
SC02_Ghana_View_Casa_Account_TR03_Enter_Otp,3,754,743,805,805,805,714,805,0.000%,.71429,6.00,1.79
SC02_Ghana_View_Casa_Account_TR04_Click_Casa_Account,3,65347,65132,65833,65833,65833,65077,65833,100.000%,.03114,0.17,0.25
SC02_Ghana_View_Casa_Account_TR05_Logout,3,75,76,81,81,81,68,81,0.000%,.41068,8.39,1.19
SC03_Ghana_View_Casa_Account_History_TR01_Launch_Application,3,95,97,103,103,103,87,103,0.000%,.23482,5.76,0.27
SC03_Ghana_View_Casa_Account_History_TR02_Login,3,2047,2103,2210,2210,2210,1828,2210,0.000%,.34235,4.62,0.71
SC03_Ghana_View_Casa_Account_History_TR03_Enter_Otp,3,712,712,717,717,717,707,717,0.000%,.41000,3.44,1.03
SC03_Ghana_View_Casa_Account_History_TR04_View_History,3,3509,2410,5843,5843,5843,2276,5843,0.000%,.16744,1.37,0.92
SC03_Ghana_View_Casa_Account_History_TR05_Logout,3,47,46,52,52,52,43,52,0.000%,.31338,6.40,0.91
SC04_Ghana_View_History_With_Loadmore_TR01_Launch,3,56,57,58,58,58,53,58,0.000%,.80472,15.06,0.70
SC04_Ghana_View_History_With_Loadmore_TR02_Login,3,2035,2006,2238,2238,2238,1863,2238,0.000%,.53677,7.25,1.17
SC04_Ghana_View_History_With_Loadmore_TR03_Enter_Otp,3,5966,6430,6671,6671,6671,4799,6671,0.000%,.08746,1.88,0.98
SC04_Ghana_View_History_With_Loadmore_TR04_Click_Transaction_History,3,1483,1607,1831,1831,1831,1011,1831,0.000%,.18605,1.51,0.60
SC04_Ghana_View_History_With_Loadmore_TR05_Load_More,3,999,1090,1297,1297,1297,611,1297,0.000%,.31945,1.74,0.56
SC04_Ghana_View_History_With_Loadmore_TR06_Home,3,2510,2524,2571,2571,2571,2435,2571,0.000%,.13300,1.19,0.63
SC04_Ghana_View_History_With_Loadmore_TR07_Logout,3,86,86,93,93,93,79,93,0.000%,1.47203,38.44,5.43
SC01_Mau_On_Dashboard_Validation_TR01_Launch_Application,3,95,96,97,97,97,94,97,0.000%,.44241,10.92,0.52
SC01_Mau_On_Dashboard_Validation_TR02_Login,3,2147,2093,2265,2265,2265,2083,2265,0.000%,.50480,6.87,1.06
SC01_Mau_On_Dashboard_Validation_TR03_Enter_Otp,3,727,735,768,768,768,678,768,0.000%,1.84729,15.58,4.68
SC01_Mau_On_Dashboard_Validation_TR04_View_dashboard,3,3561,3412,4214,4214,4214,3058,4214,0.000%,.11848,0.87,0.74
SC01_Mau_On_Dashboard_Validation_TR05_Logout,3,30,26,39,39,39,25,39,0.000%,3.05188,62.91,8.94
SC02_Mau_On_View_Casa_Account_TR01_Launch_Application,3,104,108,116,116,116,89,116,0.000%,.44425,10.97,0.52
SC02_Mau_On_View_Casa_Account_TR02_Login,3,1944,1973,2015,2015,2015,1844,2015,0.000%,.54815,7.46,1.15
SC02_Mau_On_View_Casa_Account_TR03_Enter_Otp,3,735,744,765,765,765,697,765,0.000%,.70905,5.98,1.80
SC02_Mau_On_View_Casa_Account_TR04_Click_Casa_Account,3,19867,19693,20909,20909,20909,19000,20909,66.667%,.05890,0.41,0.48
SC02_Mau_On_View_Casa_Account_TR05_Logout,3,47,49,49,49,49,45,49,0.000%,.40096,8.26,1.17
SC03_Mau_On_View_Casa_Account_History_TR01_Launch_Application,3,101,101,108,108,108,95,108,0.000%,.44189,10.91,0.52
SC03_Mau_On_View_Casa_Account_History_TR02_Login,3,2026,2001,2214,2214,2214,1864,2214,0.000%,.51133,6.96,1.07
SC03_Mau_On_View_Casa_Account_History_TR03_Enter_Otp,3,774,783,795,795,795,744,795,0.000%,.64309,5.42,1.63
SC03_Mau_On_View_Casa_Account_History_TR04_View_History,3,3473,3153,4558,4558,4558,2710,4558,0.000%,.18104,1.13,1.00
SC03_Mau_On_View_Casa_Account_History_TR05_Logout,3,28,27,33,33,33,24,33,0.000%,2.42718,50.03,7.11
SC04_Mau_On_View_History_With_Loadmore_TR01_Launch,3,55,54,60,60,60,53,60,0.000%,.80364,15.17,0.71
SC04_Mau_On_View_History_With_Loadmore_TR02_Login,3,1816,1807,1873,1873,1873,1770,1873,0.000%,.54775,7.46,1.20
SC04_Mau_On_View_History_With_Loadmore_TR03_Enter_Otp,3,5623,5430,6146,6146,6146,5294,6146,0.000%,.09045,1.79,1.04
SC04_Mau_On_View_History_With_Loadmore_TR04_Click_Transaction_History,3,2167,1936,2707,2707,2707,1860,2707,0.000%,.19711,1.21,0.64
SC04_Mau_On_View_History_With_Loadmore_TR05_Load_More,3,1423,1290,1693,1693,1693,1288,1693,0.000%,.33319,1.45,0.59
SC04_Mau_On_View_History_With_Loadmore_TR06_Home,3,2030,1905,2512,2512,2512,1674,2512,0.000%,.07454,0.54,0.36
SC04_Mau_On_View_History_With_Loadmore_TR07_Logout,3,126,131,132,132,132,117,132,0.000%,.34356,9.04,1.28
TOTAL,132,3261,795,4771,6430,65132,24,65833,3.788%,.24492,3.59,0.82
