Label,,Response time in ms,,,,
,# Samples,Average,90% Line,Min,Max,Error %
SC01_Ghana_Dashboard_Validation_TR01_Launch_Application,5,78,79,61,110,0.00%
SC01_Ghana_Dashboard_Validation_TR02_Login,5,3450,4245,1956,5068,0.00%
SC01_Ghana_Dashboard_Validation_TR03_Enter_Otp,5,711,735,673,778,0.00%
SC01_Ghana_Dashboard_Validation_TR04_View_dashboard,5,4448,5035,3192,5842,0.00%
SC01_Ghana_Dashboard_Validation_TR05_Logout,5,22,22,21,29,0.00%
SC02_Ghana_View_Casa_Account_TR01_Launch_Application,5,63,65,61,65,0.00%
SC02_Ghana_View_Casa_Account_TR02_Login,5,3187,3832,2068,4888,0.00%
SC02_Ghana_View_Casa_Account_TR03_Enter_Otp,5,622,631,608,641,0.00%
SC02_Ghana_View_Casa_Account_TR04_Click_Casa_Account,5,81343,90901,66483,92206,100.00%
SC02_Ghana_View_Casa_Account_TR05_Logout,5,51,58,42,61,0.00%
SC03_Ghana_View_Casa_Account_TR01_Launch_Application,5,63,66,57,69,0.00%
SC03_Ghana_View_Casa_Account_TR02_Login,5,2983,3461,1942,3883,0.00%
SC03_Ghana_View_Casa_Account_TR03_Enter_Otp,5,718,695,619,938,0.00%
SC03_Ghana_View_Casa_Account_History_TR04_View_History,5,7844,8591,5760,9597,0.00%
SC03_Ghana_View_Casa_Account_TR06_Logout,5,38,45,22,57,0.00%
SC04_Ghana_View_History_With_Loadmore_TR01_Launch,5,38,42,32,43,0.00%
SC04_Ghana_View_History_With_Loadmore_TR02_Login,5,3100,4199,2013,4273,0.00%
SC04_Ghana_View_History_With_Loadmore_TR03_Enter_Otp,5,3100,3433,2745,3459,0.00%
SC04_Ghana_View_History_With_Loadmore_TR04_Click_Transaction_History,5,7916,8553,5579,9246,0.00%
SC04_Ghana_View_History_With_Loadmore_TR05_Load_More,5,4296,5851,1984,6068,0.00%
SC04_Ghana_View_History_With_Loadmore_TR06_Home,5,2611,3075,1423,3183,0.00%
SC04_Ghana_View_History_With_Loadmore_TR07_Logout,5,217,258,70,496,0.00%
SC05_Ghana_View_Loan_Activity_TR01_Launch,5,41,48,35,52,0.00%
SC05_Ghana_View_Loan_Activity_TR02_Login,5,13171,16063,1972,16280,80.00%
SC05_Ghana_View_Loan_Activity_TR03_Enter_Otp,5,10563,8067,6777,22756,100.00%
SC05_Ghana_View_Loan_Activity_TR04_Click_Loan,5,2304,2528,1597,2748,0.00%
SC05_Ghana_View_Loan_Activity_TR05_Click_Home,5,3410,3850,2693,4305,0.00%
SC05_Ghana_View_Loan_Activity_TR06_Logout,5,27,36,11,65,100.00%
SC01_Mau_On_Dashboard_Validation_TR01_Launch_Application,5,47,38,30,99,100.00%
SC01_Mau_On_Dashboard_Validation_TR02_Login,5,10,10,5,25,100.00%
SC01_Mau_On_Dashboard_Validation_TR03_Enter_Otp,5,0,0,0,0,100.00%
SC01_Mau_On_Dashboard_Validation_TR04_View_dashboard,5,5355,6394,3293,7186,0.00%
SC01_Mau_On_Dashboard_Validation_TR05_Logout,5,119,35,25,483,0.00%
SC02_Mau_On_View_Casa_Account_TR01_Launch_Application,5,133,135,109,164,0.00%
SC02_Mau_On_View_Casa_Account_TR02_Login,5,3701,3867,3321,3925,80.00%
SC02_Mau_On_View_Casa_Account_TR03_Enter_Otp,5,177,0,0,887,80.00%
SC02_Mau_On_View_Casa_Account_TR04_Click_Casa_Account,5,13920,13889,13337,15344,0.00%
SC02_Mau_On_View_Casa_Account_TR05_Logout,5,33,33,22,55,0.00%
SC03_Mau_On_View_Casa_Account_History_TR01_Launch_Application,5,62,64,58,65,0.00%
SC03_Mau_On_View_Casa_Account_History_TR02_Login,5,2978,3288,1947,4180,0.00%
SC03_Mau_On_View_Casa_Account_History_TR03_Enter_Otp,5,681,681,649,763,0.00%
SC03_Mau_On_View_Casa_Account_History_TR04_View_History,5,938,1043,632,1280,0.00%
SC03_Mau_On_View_Casa_Account_History_TR05_Logout,5,24,25,21,26,0.00%
SC04_Mau_On_View_History_With_Loadmore_TR01_Launch,5,41,43,38,44,0.00%
SC04_Mau_On_View_History_With_Loadmore_TR02_Login,5,2229,2949,1052,3416,20.00%
SC04_Mau_On_View_History_With_Loadmore_TR03_Enter_Otp,5,7613,8304,6013,8709,20.00%
SC04_Mau_On_View_History_With_Loadmore_TR04_Click_Transaction_History,5,1265,1536,744,1792,0.00%
SC04_Mau_On_View_History_With_Loadmore_TR05_Load_More,5,650,772,485,800,0.00%
SC04_Mau_On_View_History_With_Loadmore_TR06_Home,5,3397,3526,2659,4177,0.00%
SC04_Mau_On_View_History_With_Loadmore_TR07_Logout,5,133,201,78,214,0.00%
SC01_Uganda_Dashboard_Validation_TR01_Launch,5,91,83,54,192,0.00%
SC01_Uganda_Dashboard_Validation_TR02_Login,5,3097,4040,1955,4275,0.00%
SC01_Uganda_Dashboard_Validation_TR03_Enter_Security_Question,5,978,887,730,1745,0.00%
SC01_Uganda_Dashboard_Validation_TR04_View_Dashboard,5,3420,3869,2443,4078,0.00%
SC01_Uganda_Dashboard_Validation_TR05_Logout,5,29,24,20,62,0.00%
SC02_Uganda_View_Casa_Account_TR01_Launch,5,71,64,57,113,0.00%
SC02_Uganda_View_Casa_Account_TR02_Login,5,974,1017,891,1034,0.00%
SC02_Uganda_View_Casa_Account_TR03_Enter_Security_Question,5,125,139,56,180,100.00%
SC02_Uganda_View_Casa_Account_TR04_Click_Casa_Account,5,15516,15484,14754,17360,0.00%
SC02_Uganda_View_Casa_Account_TR05_Logout,5,45,47,42,50,0.00%
SC03_Uganda_Dashboard_Validation_TR01_Launch,5,65,69,59,70,0.00%
SC03_Uganda_Dashboard_Validation_TR02_Login,5,1629,1645,1496,1829,0.00%
SC03_Uganda_Dashboard_Validation_TR03_Enter_Security_Question,5,60,60,56,72,100.00%
SC03_Uganda_View_Casa_Account_History_TR04_View_History,5,4902,5923,3239,6081,0.00%
SC03_Uganda_View_Casa_Account_TR06_Logout,5,19,19,17,22,0.00%
SC04_Uganda_View_History_With_Loadmore_TR01_Launch,5,77,64,57,143,0.00%
SC04_Uganda_View_History_With_Loadmore_TR02_Login,5,1300,1385,1033,1484,0.00%
SC04_Uganda_View_History_With_Loadmore_TR03_Enter_Security_Question,5,54,55,50,63,100.00%
SC04_Uganda_View_History_With_Loadmore_TR04_Click_Transaction_History,5,4577,5294,2210,5512,0.00%
SC04_Uganda_View_History_With_Loadmore_TR05_Load_More,5,2656,3113,1400,3630,0.00%
SC04_Uganda_View_History_With_Loadmore_TR06_Home,5,1895,2010,1340,2954,0.00%
SC04_Uganda_View_History_With_Loadmore_TR07_Logout,5,64,70,41,115,0.00%
SC05_Uganda_View_Loan_Activity_TR01_Launch,5,66,66,61,77,0.00%
SC05_Uganda_View_Loan_Activity_TR02_Login,5,1370,1424,1228,1435,0.00%
SC05_Uganda_View_Loan_Activity_TR03_Enter_Security_Question,5,103,120,56,163,100.00%
SC05_Uganda_Dashboard_Validation_TR04_Click_Loan,5,10095,10826,8147,10990,0.00%
SC05_Uganda_View_Loan_Activity_TR05_Click_Home,5,2650,3298,1574,3537,0.00%
SC05_Uganda_View_Loan_Activity_TR06_Logout,5,20,22,19,22,0.00%
SC01_Zambia_Dashboard_Validation_TR01_Launch_Application,5,89,67,55,204,0.00%
SC01_Zambia_Dashboard_Validation_TR02_Login,5,2561,3094,1400,3602,20.00%
SC01_Zambia_Dashboard_Validation_TR03_Enter_Otp,5,551,713,0,751,20.00%
SC01_Zambia_Dashboard_Validation_TR04_View_dashboard,5,3998,4276,3358,4699,0.00%
SC01_Zambia_Dashboard_Validation_TR05_Logout,5,28,23,17,57,0.00%
SC02_Zambia_View_Casa_Account_TR01_Launch_Application,5,66,67,58,80,0.00%
SC02_Zambia_View_Casa_Account_TR02_Login,5,3261,3895,2126,4066,0.00%
SC02_Zambia_View_Casa_Account_TR03_Enter_Otp,5,706,739,621,784,0.00%
SC02_Zambia_View_Casa_Account_TR04_Click_Casa_Account,5,12537,13227,11556,13285,0.00%
SC02_Zambia_View_Casa_Account_TR05_Logout,5,21,22,18,25,0.00%
SC03_Zambia_View_Casa_Account_History_TR01_Launch_Application,5,62,64,56,71,0.00%
SC03_Zambia_View_Casa_Account_History_TR02_Login,5,2438,3025,1214,3813,20.00%
SC03_Zambia_View_Casa_Account_History_TR03_Enter_Otp,5,503,640,0,654,20.00%
SC03_Zambia_View_Casa_Account_History_TR04_View_History,5,2146,2569,1651,2628,0.00%
SC03_Zambia_View_Casa_Account_History_TR06_Logout,5,19,20,17,21,0.00%
SC04_Zambia_View_History_With_Loadmore_TR01_Launch,5,38,41,35,43,0.00%
SC04_Zambia_View_History_With_Loadmore_TR02_Login,5,2863,3235,1796,4192,0.00%
SC04_Zambia_View_History_With_Loadmore_TR03_Enter_Otp,5,3617,3823,3088,4049,0.00%
SC04_Zambia_View_History_With_Loadmore_TR04_Click_Transaction_History,5,1472,1602,1056,1701,0.00%
SC04_Zambia_View_History_With_Loadmore_TR05_Load_More,5,1199,1339,1018,1441,0.00%
SC04_Zambia_View_History_With_Loadmore_TR06_Home,5,2993,3217,2443,3679,0.00%
SC04_Zambia_View_History_With_Loadmore_TR07_Logout,5,90,83,68,148,0.00%
