Label,# Samples,Average,Median,90% Line,95% Line,99% Line,Min,Max,Error %,Throughput,Received KB/sec,Sent KB/sec
S01_MemoManager_InquireAccountMemo:MemoManager_InquireAccountMemo,1080,178,156,257,304,523,121,847,0.000%,1.19974,2.89,2.20
S02_LoansManager_InquireLoanAccount:LoansManager_InquireLoanAccount,1064,220,193,304,357,509,156,1026,0.000%,1.18183,15.60,1.29
S09_CustomerManager_doAdvancedCustomerSearch:CustomerManager_doAdvancedCustomerSearch,1081,176,152,258,293,420,129,680,0.000%,1.20002,6.41,1.59
S07_CustomerPerosonalDataManager_Inquire:PersonalDataManager_Inquire,1075,219,196,299,346,473,163,845,0.000%,1.19353,6.10,0.00
S08_CustomerManager_Inquire:CustomerManager_Inquire,1062,238,211,323,367,653,175,1359,0.000%,1.17911,11.80,2.14
S12_CurrencyRateManager_Inquire:CurrencyRateManager_Inquire,1081,171,144,259,295,456,121,759,0.000%,1.20244,13.00,2.20
S10_CurrencyRate_ManagerConvertAmount:CurrencyRateManager_ConvertAmount,1078,163,139,246,274,480,117,683,0.000%,1.19765,2.86,1.55
S05_DemandDepositManager_TransferFunds:DemandDepositManager_TransferFunds,1045,339,332,436,484,620,225,935,0.383%,1.15976,4.99,1.85
S11_BillPaymentManager_PayUtilityBillByAccount:BillPaymentManager_PayUtilityBillByAccount,1032,349,327,437,485,670,265,892,0.484%,1.14591,2.46,2.59
S04_demandDepositSatatementManager_InquireListofTransactions:demandDepositSatatementManager_InquireListofTransactions,1063,259,209,466,533,852,176,1342,0.000%,1.18155,148.09,1.91
S06_DemandDepositMaintenance_InquireAccountMasterForMaintenance:DemandDepositMaintenance_InquireAccountMasterForMaintenance,1013,458,456,627,736,1028,231,1965,0.000%,1.12484,37.01,1.43
S03_DemandDepsoit_addEarmarkFunds:DemandDepsoit_addEarmarkFunds,893,1070,1047,1161,1205,1391,983,1589,0.000%,.99195,1.97,1.63
TOTAL,12567,308,217,547,1032,1147,117,1965,0.072%,13.94559,252.84,20.38
