Services,Number Of Users,,,,Response Time,,,,,,,,
,,# Samples,Average,Median,90% Line,95% Line,99% Line,Min,Max,Error %,Throughput,Received KB/sec,Sent KB/sec
CustomerManager_doAdvancedCustomerSearch,10,5509,532,506,770,889,1191,132,4125,0.00%,1.53005,6.98,2.03
BillPaymentManager_PayUtilityBillByAccount,5,2588,964,933,1350,1478,1922,295,4652,8.35%,0.71873,1.49,1.62
MemoManager_InquireAccountMemo,10,5562,477,444,702,828,1129,126,4279,0.00%,1.54493,3.71,2.84
CustomerManager_Inquire,10,5332,755,721,1091,1243,1614,178,11158,0.00%,1.48078,14.49,2.69
CurrencyRateManager_ConvertAmount,10,5591,449,426,640,732,1031,123,4693,0.00%,1.55288,3.71,2
CurrencyRateManager_Inquire,10,5506,546,519,806,967,1293,129,4098,0.00%,1.52931,16.54,2.8
PersonalDataManager_Inquire,10,5392,685,649,971,1111,1456,170,13588,0.00%,1.49748,7.65,0
DemandDepositMaintenance_InquireAccountMasterForMaintenance,10,4991,1204,1142,1707,1966,2760,277,5386,0.00%,1.38607,44.03,1.77
LoansManager_InquireLoanAccount,10,5363,714,687,1037,1183,1599,171,4943,0.00%,1.48951,19.66,1.63
DemandDepositManager_TransferFunds,5,2597,941,912,1308,1434,1903,258,5130,8.09%,0.72144,2.94,1.15
demandDepositSatatementManager_InquireListofTransactions,10,5094,1065,989,1600,1926,3005,184,5283,0.00%,1.41464,177.43,2.29
DemandDepsoit_addEarmarkFunds,5,2308,1800,1783,2138,2265,2598,1096,5780,0.00%,0.641,1.27,1.05
TOTAL,105,55833,773,663,1352,1672,2198,123,13588,0.76%,15.5046,299.88,21.88
