Label,# Samples,Average,Median,90% Line,95% Line,99% Line,Min,Max,Error %,Throughput,Received KB/sec,Sent KB/sec
CustomerManager_doAdvancedCustomerSearch,20958,212,191,296,350,507,127,3016,0.000%,5.82111,26.61,7.71
DemandDepositMaintenance_InquireAccountMasterForMaintenance,16866,632,594,824,945,1391,242,4226,0.000%,4.68402,150.38,5.97
CurrencyRateManager_ConvertAmount,21319,191,171,267,316,484,114,2850,0.000%,5.92119,14.14,7.64
CurrencyRateManager_Inquire,27474,202,177,281,345,588,118,6540,0.000%,7.63124,82.56,14.00
MemoManager_InquireAccountMemo,21114,204,181,285,335,548,70,3792,0.000%,5.86477,14.11,10.78
CustomerManager_Inquire,19959,303,257,430,487,741,150,27429,0.000%,5.54336,54.21,10.08
LoansManager_InquireLoanAccount,19985,300,248,460,531,763,156,3412,0.000%,5.55087,73.25,6.08
demandDepositSatatementManager_InquireListofTransactions,18903,403,298,684,820,1317,172,4693,0.000%,5.25012,658.23,8.51
DemandDepositManager_TransferFunds,5363,454,433,578,648,850,240,3693,0.000%,1.48959,6.43,2.38
PersonalDataManager_Inquire,18196,277,241,391,453,713,160,3667,0.000%,5.05380,25.83,0.00
BillPaymentManager_PayUtilityBillByAccount,1826,459,434,594,654,870,280,3538,0.000%,.50735,1.09,1.14
DemandDepsoit_addEarmarkFunds,11193,1369,1339,1605,1663,1853,1046,4202,0.000%,3.10814,6.16,5.11
TOTAL,203156,356,236,658,1172,1571,70,27429,0.000%,56.41257,1112.77,79.38
